tahun,kode_kab,nama_kab,nama_prov,UHH,HLS,RLS,Pengeluaran,IPM
2024,1101,Aceh Selatan,Aceh,70.49,14.71,8.92,9190,71.82
2024,1102,Aceh Tenggara,Aceh,72.75,14.47,10.1,8876,73.59
2024,1103,Aceh Timur,Aceh,72.24,13.08,8.48,9889,71.29
2024,1104,Aceh Tengah,Aceh,73.04,15.03,10.03,11805,77.27
2024,1105,Aceh Barat,Aceh,72.03,14.93,9.99,10548,75.45
2024,1106,Aceh Besar,Aceh,73.24,14.77,10.37,10810,76.57
2024,1107,Pidie,Aceh,69.99,14.52,9.04,11187,73.6
2024,1108,Aceh Utara,Aceh,72.75,14.75,9.11,9374,73.35
2024,1109,Simeulue,Aceh,69.69,14.53,9.89,8106,70.95
2024,1110,Aceh Singkil,Aceh,69.96,14.36,8.72,9862,71.76
2024,1111,Bireuen,Aceh,73.82,14.88,9.59,10150,75.39
2024,1112,Aceh Barat Daya,Aceh,70.63,13.69,8.78,9559,71.16
2024,1113,Gayo Lues,Aceh,69.92,14.59,8.44,9967,71.75
2024,1114,Aceh Jaya,Aceh,70.89,14.06,9.02,11007,73.4
2024,1115,Nagan Raya,Aceh,72.67,14.18,9.25,9523,73.1
2024,1116,Aceh Tamiang,Aceh,73.79,14.51,9.3,9529,74.0
2024,1117,Bener Meriah,Aceh,73.0,13.73,10.13,12360,76.58
2024,1118,Pidie Jaya,Aceh,73.31,15.01,9.59,11274,76.39
2024,1171,Kota Banda Aceh,Aceh,75.25,17.94,13.1,18100,88.85
2024,1172,Kota Sabang,Aceh,73.52,14.97,11.22,12625,79.5
2024,1173,Kota Lhokseumawe,Aceh,74.93,15.55,11.31,12694,80.89
2024,1174,Kota Langsa,Aceh,74.11,15.71,11.28,13133,80.96
2024,1175,Kota Subulussalam,Aceh,69.8,15.31,8.43,8491,70.64
2024,1201,Tapanuli Tengah,Sumatera Utara,71.96,13.5,8.92,11128,73.34
2024,1202,Tapanuli Utara,Sumatera Utara,74.36,13.74,10.31,12382,77.48
2024,1203,Tapanuli Selatan,Sumatera Utara,71.77,13.72,9.56,12213,75.18
2024,1204,Nias,Sumatera Utara,71.89,13.31,6.4,7698,66.13
2024,1205,Langkat,Sumatera Utara,74.39,13.28,8.74,12080,74.85
2024,1206,Karo,Sumatera Utara,74.39,13.26,10.12,13278,77.49
2024,1207,Deli Serdang,Sumatera Utara,73.81,13.4,10.29,13279,77.56
2024,1208,Simalungun,Sumatera Utara,74.3,13.09,9.73,12119,75.88
2024,1209,Asahan,Sumatera Utara,73.65,12.65,8.85,12301,74.17
2024,1210,Labuhanbatu,Sumatera Utara,73.13,13.26,9.5,12102,75.2
2024,1211,Dairi,Sumatera Utara,74.38,13.53,9.89,11355,75.88
2024,1212,Toba,Sumatera Utara,74.54,13.6,10.77,12960,78.44
2024,1213,Mandailing Natal,Sumatera Utara,71.88,13.87,9.11,10644,73.44
2024,1214,Nias Selatan,Sumatera Utara,71.77,12.92,6.52,7730,65.87
2024,1215,Pakpak Bharat,Sumatera Utara,72.95,13.91,9.73,9158,73.09
2024,1216,Humbang Hasundutan,Sumatera Utara,74.27,13.46,10.13,8844,73.33
2024,1217,Samosir,Sumatera Utara,74.35,13.52,9.61,9634,73.77
2024,1218,Serdang Bedagai,Sumatera Utara,73.39,12.65,9.12,12015,74.15
2024,1219,Batu Bara,Sumatera Utara,72.97,13.12,8.51,11373,73.14
2024,1220,Padang Lawas Utara,Sumatera Utara,71.74,13.54,9.82,10925,74.16
2024,1221,Padang Lawas,Sumatera Utara,71.67,13.87,9.63,9821,73.1
2024,1222,Labuhanbatu Selatan,Sumatera Utara,72.71,13.53,9.19,12353,75.11
2024,1223,Labuhanbatu Utara,Sumatera Utara,74.23,13.58,9.14,12839,76.2
2024,1224,Nias Utara,Sumatera Utara,72.3,13.37,7.05,7189,66.42
2024,1225,Nias Barat,Sumatera Utara,72.55,12.99,7.26,6740,65.66
2024,1271,Kota Medan,Sumatera Utara,75.09,14.79,11.79,16069,83.23
2024,1272,Kota Pematangsiantar,Sumatera Utara,75.03,14.61,11.82,13349,81.17
2024,1273,Kota Sibolga,Sumatera Utara,74.19,13.43,10.45,12713,77.52
2024,1274,Kota Tanjungbalai,Sumatera Utara,74.18,13.15,9.69,12264,75.95
2024,1275,Kota Binjai,Sumatera Utara,74.45,14.18,11.2,12015,78.67
2024,1276,Kota Tebing Tinggi,Sumatera Utara,74.29,13.13,10.87,13900,78.68
2024,1277,Kota Padangsidimpuan,Sumatera Utara,73.73,14.62,11.13,11964,78.61
2024,1278,Kota Gunungsitoli,Sumatera Utara,74.23,13.79,8.76,9056,72.3
2024,1301,Pesisir Selatan,Sumatera Barat,73.44,13.37,8.81,10211,72.87
2024,1302,Solok,Sumatera Barat,72.52,13.56,7.91,10988,72.29
2024,1303,Sijunjung,Sumatera Barat,72.89,12.76,8.62,11395,72.88
2024,1304,Tanah Datar,Sumatera Barat,74.26,15.05,9.29,11223,76.49
2024,1305,Padang Pariaman,Sumatera Barat,73.88,14.2,8.42,11756,74.9
2024,1306,Agam,Sumatera Barat,74.39,14.16,9.23,10686,75.08
2024,1307,Lima Puluh Kota,Sumatera Barat,73.42,13.42,8.13,10648,72.51
2024,1308,Pasaman,Sumatera Barat,72.36,13.52,8.14,9194,70.61
2024,1309,Kepulauan Mentawai,Sumatera Barat,71.21,12.91,8.03,7192,66.67
2024,1310,Dharmasraya,Sumatera Barat,74.25,12.89,8.98,12254,74.82
2024,1311,Solok Selatan,Sumatera Barat,72.5,13.07,8.85,11240,73.17
2024,1312,Pasaman Barat,Sumatera Barat,72.75,13.72,8.99,9888,72.78
2024,1371,Kota Padang,Sumatera Barat,75.2,16.57,11.63,15458,84.38
2024,1372,Kota Solok,Sumatera Barat,74.85,14.37,11.37,12995,80.06
2024,1373,Kota Sawahlunto,Sumatera Barat,74.12,13.86,10.53,11187,76.68
2024,1374,Kota Padang Panjang,Sumatera Barat,74.48,15.47,12.0,11840,80.6
2024,1375,Kota Bukittinggi,Sumatera Barat,75.62,15.28,11.65,14297,82.61
2024,1376,Kota Payakumbuh,Sumatera Barat,75.08,14.57,10.89,14260,80.76
2024,1377,Kota Pariaman,Sumatera Barat,74.37,14.8,11.06,13784,80.49
2024,1401,Kampar,Riau,74.61,13.61,9.58,12034,76.29
2024,1402,Indragiri Hulu,Riau,73.63,12.6,8.43,11333,72.75
2024,1403,Bengkalis,Riau,74.21,13.44,9.74,12321,76.37
2024,1404,Indragiri Hilir,Riau,72.39,12.21,7.32,11050,70.07
2024,1405,Pelalawan,Riau,74.63,12.91,8.96,12575,75.25
2024,1406,Rokan Hulu,Riau,73.67,12.94,8.94,10586,73.07
2024,1407,Rokan Hilir,Riau,73.87,12.89,8.53,10447,72.46
2024,1408,Siak,Riau,73.98,12.89,9.92,13080,76.52
2024,1409,Kuantan Singingi,Riau,72.96,13.38,9.14,11182,74.0
2024,1410,Kepulauan Meranti,Riau,72.25,12.87,8.12,8988,69.64
2024,1471,Kota Pekanbaru,Riau,75.89,15.84,11.96,15212,84.26
2024,1472,Kota Dumai,Riau,73.5,13.35,10.29,12847,77.03
2024,1501,Kerinci,Jambi,73.39,13.92,8.6,11441,74.33
2024,1502,Merangin,Jambi,74.13,12.26,8.4,11425,72.65
2024,1503,Sarolangun,Jambi,73.65,12.6,8.35,12679,73.76
2024,1504,Batanghari,Jambi,74.74,12.97,8.35,10872,73.12
2024,1505,Muaro Jambi,Jambi,74.75,13.37,8.7,10007,73.11
2024,1506,Tanjung Jabung Barat,Jambi,73.41,12.68,8.32,10696,72.01
2024,1507,Tanjung Jabung Timur,Jambi,74.37,12.21,7.7,10328,70.77
2024,1508,Bungo,Jambi,74.02,12.67,8.6,12820,74.44
2024,1509,Tebo,Jambi,73.62,12.93,8.04,11415,72.67
2024,1571,Kota Jambi,Jambi,75.12,15.55,11.51,13388,81.77
2024,1572,Kota Sungai Penuh,Jambi,74.29,14.84,10.48,11499,77.93
2024,1601,Ogan Komering Ulu,Sumatera Selatan,73.59,13.0,8.86,11339,73.7
2024,1602,Ogan Komering Ilir,Sumatera Selatan,74.23,11.98,7.19,12305,71.48
2024,1603,Muara Enim,Sumatera Selatan,74.49,12.02,8.27,12291,73.1
2024,1604,Lahat,Sumatera Selatan,73.58,12.45,8.69,11255,72.83
2024,1605,Musi Rawas,Sumatera Selatan,74.16,12.23,7.57,11058,71.21
2024,1606,Musi Banyuasin,Sumatera Selatan,74.42,12.33,7.95,11424,72.27
2024,1607,Banyuasin,Sumatera Selatan,74.47,12.34,7.48,11277,71.55
2024,1608,Ogan Komering Ulu Timur,Sumatera Selatan,74.51,12.49,8.08,12623,73.64
2024,1609,Ogan Komering Ulu Selatan,Sumatera Selatan,73.44,11.82,8.25,9680,70.0
2024,1610,Ogan Ilir,Sumatera Selatan,73.43,12.42,8.09,12093,72.67
2024,1611,Empat Lawang,Sumatera Selatan,70.93,12.11,7.68,10889,69.63
2024,1612,Penukal Abab Lematang Ilir,Sumatera Selatan,74.02,12.5,7.27,9604,69.63
2024,1613,Musi Rawas Utara,Sumatera Selatan,73.17,11.9,7.51,11198,70.45
2024,1671,Kota Palembang,Sumatera Selatan,75.77,14.46,10.93,16150,82.29
2024,1672,Kota Pagar Alam,Sumatera Selatan,73.88,13.5,9.44,10245,74.0
2024,1673,Kota Lubuk Linggau,Sumatera Selatan,74.97,13.69,9.94,14672,78.98
2024,1674,Kota Prabumulih,Sumatera Selatan,74.87,13.41,10.36,13982,78.68
2024,1701,Bengkulu Selatan,Bengkulu,73.05,13.66,9.42,11040,74.53
2024,1702,Rejang Lebong,Bengkulu,73.87,14.2,8.81,11385,75.04
2024,1703,Bengkulu Utara,Bengkulu,73.23,12.92,8.32,11715,73.1
2024,1704,Kaur,Bengkulu,72.97,13.15,8.47,9742,71.53
2024,1705,Seluma,Bengkulu,72.9,13.33,8.14,9474,70.98
2024,1706,Mukomuko,Bengkulu,73.95,12.87,8.57,11665,73.65
2024,1707,Lebong,Bengkulu,72.81,12.91,8.41,12362,73.54
2024,1708,Kepahiang,Bengkulu,72.41,13.16,8.37,10620,72.05
2024,1709,Bengkulu Tengah,Bengkulu,72.56,13.47,7.71,10672,71.67
2024,1771,Kota Bengkulu,Bengkulu,74.69,16.07,11.84,15542,83.95
2024,1801,Lampung Selatan,Lampung,74.46,12.65,7.78,11133,72.15
2024,1802,Lampung Tengah,Lampung,74.38,13.17,7.97,12595,74.16
2024,1803,Lampung Utara,Lampung,74.12,12.56,8.38,9837,71.42
2024,1804,Lampung Barat,Lampung,73.96,12.3,8.56,10965,72.41
2024,1805,Tulang Bawang,Lampung,74.02,12.3,7.65,12122,72.24
2024,1806,Tanggamus,Lampung,74.08,12.33,7.38,10524,70.54
2024,1807,Lampung Timur,Lampung,74.19,12.98,8.2,11262,73.05
2024,1808,Way Kanan,Lampung,74.31,12.44,7.75,10439,71.17
2024,1809,Pesawaran,Lampung,74.0,12.63,8.0,9190,70.24
2024,1810,Pringsewu,Lampung,74.56,12.93,8.53,11543,73.84
2024,1811,Mesuji,Lampung,73.9,11.82,7.21,9454,68.59
2024,1812,Tulang Bawang Barat,Lampung,74.23,12.12,7.8,9646,70.04
2024,1813,Pesisir Barat,Lampung,73.93,12.16,8.73,9550,71.04
2024,1871,Kota Bandar Lampung,Lampung,74.79,14.73,10.99,13667,80.46
2024,1872,Kota Metro,Lampung,75.43,14.79,11.01,13092,80.41
2024,1901,Bangka,Bangka Belitung,73.24,13.12,8.45,13205,74.66
2024,1902,Belitung,Bangka Belitung,72.76,12.09,9.05,14449,74.96
2024,1903,Bangka Selatan,Bangka Belitung,71.74,11.71,6.93,12718,70.01
2024,1904,Bangka Tengah,Bangka Belitung,73.77,12.15,7.24,13677,72.54
2024,1905,Bangka Barat,Bangka Belitung,72.08,11.79,7.48,13199,71.36
2024,1906,Belitung Timur,Bangka Belitung,73.79,11.69,8.99,12610,73.62
2024,1971,Kota Pangkal Pinang,Bangka Belitung,75.26,13.3,10.67,16750,80.9
2024,2101,Bintan,Kepulauan Riau,74.89,13.45,9.15,15078,77.96
2024,2102,Karimun,Kepulauan Riau,74.79,12.62,8.91,13287,75.49
2024,2103,Natuna,Kepulauan Riau,74.38,13.94,9.2,15560,78.6
2024,2104,Lingga,Kepulauan Riau,73.76,12.65,7.6,12906,73.05
2024,2105,Kepulauan Anambas,Kepulauan Riau,73.77,13.06,7.53,12983,73.47
2024,2171,Kota Batam,Kepulauan Riau,75.19,13.56,11.21,19668,83.32
2024,2172,Kota Tanjung Pinang,Kepulauan Riau,74.91,14.18,10.67,16663,81.58
2024,3101,Kepulauan Seribu,DKI Jakarta,75.03,12.67,9.26,14110,76.69
2024,3171,Kota Jakarta Pusat,DKI Jakarta,76.57,13.31,11.61,18661,83.75
2024,3172,Kota Jakarta Utara,DKI Jakarta,75.17,12.7,10.85,20032,82.13
2024,3173,Kota Jakarta Barat,DKI Jakarta,75.98,13.14,11.24,22119,84.4
2024,3174,Kota Jakarta Selatan,DKI Jakarta,76.23,13.94,11.95,25573,87.57
2024,3175,Kota Jakarta Timur,DKI Jakarta,75.59,14.07,11.99,19193,84.76
2024,3201,Bogor,Jawa Barat,74.9,12.75,8.39,11563,73.63
2024,3202,Sukabumi,Jawa Barat,74.85,12.39,7.34,9815,70.18
2024,3203,Cianjur,Jawa Barat,74.8,12.04,7.33,9026,68.89
2024,3204,Bandung,Jawa Barat,75.23,12.74,9.15,11392,74.59
2024,3205,Garut,Jawa Barat,74.87,12.17,7.85,9168,69.91
2024,3206,Tasikmalaya,Jawa Barat,74.06,12.64,7.97,8965,69.98
2024,3207,Ciamis,Jawa Barat,75.26,14.3,8.1,10085,73.64
2024,3208,Kuningan,Jawa Barat,75.22,12.27,7.9,10418,71.56
2024,3209,Cirebon,Jawa Barat,74.98,12.42,7.65,11529,72.3
2024,3210,Majalengka,Jawa Barat,74.98,12.27,7.53,10842,71.37
2024,3211,Sumedang,Jawa Barat,75.29,13.02,8.74,11589,74.57
2024,3212,Indramayu,Jawa Barat,74.82,12.32,6.95,11010,70.72
2024,3213,Subang,Jawa Barat,75.08,12.11,7.46,11894,72.05
2024,3214,Purwakarta,Jawa Barat,74.92,12.25,8.14,13099,73.99
2024,3215,Karawang,Jawa Barat,75.16,12.21,8.05,12942,73.82
2024,3216,Bekasi,Jawa Barat,75.33,13.18,9.76,12500,76.8
2024,3217,Bandung Barat,Jawa Barat,75.06,12.0,8.24,9583,70.77
2024,3218,Pangandaran,Jawa Barat,75.11,12.31,8.1,9654,71.03
2024,3271,Kota Bogor,Jawa Barat,75.8,13.51,10.71,13154,79.03
2024,3272,Kota Sukabumi,Jawa Barat,75.11,13.62,10.38,12252,77.69
2024,3273,Kota Bandung,Jawa Barat,75.83,14.25,11.07,18795,83.75
2024,3274,Kota Cirebon,Jawa Barat,75.48,13.17,10.53,12869,78.09
2024,3275,Kota Bekasi,Jawa Barat,76.14,14.14,11.79,16775,83.55
2024,3276,Kota Depok,Jawa Barat,75.82,14.11,11.59,16640,83.05
2024,3277,Kota Cimahi,Jawa Barat,75.55,13.85,11.52,13278,80.3
2024,3278,Kota Tasikmalaya,Jawa Barat,75.31,13.5,9.63,11431,76.03
2024,3279,Kota Banjar,Jawa Barat,74.99,13.28,8.83,11811,75.01
2024,3301,Cilacap,Jawa Tengah,74.97,12.69,7.4,11868,72.55
2024,3302,Banyumas,Jawa Tengah,74.34,13.34,7.91,12960,74.52
2024,3303,Purbalingga,Jawa Tengah,74.19,12.03,7.36,11343,70.97
2024,3304,Banjarnegara,Jawa Tengah,74.7,11.83,6.87,10595,69.62
2024,3305,Kebumen,Jawa Tengah,75.22,13.39,7.87,10176,72.48
2024,3306,Purworejo,Jawa Tengah,75.64,13.55,8.65,11584,75.16
2024,3307,Wonosobo,Jawa Tengah,74.25,11.81,6.9,11980,70.63
2024,3308,Magelang,Jawa Tengah,74.68,12.62,7.83,10926,72.1
2024,3309,Boyolali,Jawa Tengah,76.44,12.67,8.17,14195,75.96
2024,3310,Klaten,Jawa Tengah,77.31,13.43,9.29,13513,78.16
2024,3311,Sukoharjo,Jawa Tengah,78.01,13.92,10.01,12758,79.3
2024,3312,Wonogiri,Jawa Tengah,76.82,12.61,7.68,10634,72.54
2024,3313,Karanganyar,Jawa Tengah,77.91,13.73,9.26,12732,78.11
2024,3314,Sragen,Jawa Tengah,76.18,12.93,7.88,13890,75.53
2024,3315,Grobogan,Jawa Tengah,75.25,12.48,7.29,11548,72.02
2024,3316,Blora,Jawa Tengah,74.92,12.6,7.26,10926,71.42
2024,3317,Rembang,Jawa Tengah,74.98,12.3,7.73,11830,72.53
2024,3318,Pati,Jawa Tengah,76.56,12.98,7.82,11829,74.1
2024,3319,Kudus,Jawa Tengah,77.07,13.28,9.35,12533,77.21
2024,3320,Jepara,Jawa Tengah,76.21,12.86,8.27,11729,74.32
2024,3321,Demak,Jawa Tengah,75.79,13.36,8.28,11591,74.57
2024,3322,Semarang,Jawa Tengah,76.15,13.06,8.16,13377,75.67
2024,3323,Temanggung,Jawa Tengah,75.94,12.62,7.53,10519,71.86
2024,3324,Kendal,Jawa Tengah,74.73,13.0,7.74,13277,74.34
2024,3325,Batang,Jawa Tengah,75.01,12.17,7.08,10919,70.73
2024,3326,Pekalongan,Jawa Tengah,74.25,12.46,7.48,11701,71.95
2024,3327,Pemalang,Jawa Tengah,74.23,12.02,6.56,10017,68.65
2024,3328,Tegal,Jawa Tengah,74.25,12.96,7.36,10972,71.7
2024,3329,Brebes,Jawa Tengah,74.18,12.45,6.41,11389,70.18
2024,3371,Kota Magelang,Jawa Tengah,77.54,14.62,11.43,13619,82.15
2024,3372,Kota Surakarta,Jawa Tengah,77.91,15.07,11.25,16291,84.41
2024,3373,Kota Salatiga,Jawa Tengah,78.27,15.46,11.48,17096,85.72
2024,3374,Kota Semarang,Jawa Tengah,78.23,15.57,11.05,16990,85.24
2024,3375,Kota Pekalongan,Jawa Tengah,74.79,12.89,9.34,14547,77.21
2024,3376,Kota Tegal,Jawa Tengah,75.01,13.25,9.28,14358,77.5
2024,3401,Kulon Progo,DI Yogyakarta,75.49,14.49,9.2,10990,76.18
2024,3402,Bantul,DI Yogyakarta,74.8,15.63,9.81,16851,82.05
2024,3403,Gunungkidul,DI Yogyakarta,74.91,13.4,7.35,10630,72.14
2024,3404,Sleman,DI Yogyakarta,75.48,16.79,11.33,17586,85.71
2024,3471,Kota Yogyakarta,DI Yogyakarta,75.73,17.66,12.12,20603,89.1
2024,3501,Pacitan,Jawa Timur,74.74,12.69,7.9,10099,71.49
2024,3502,Ponorogo,Jawa Timur,75.28,13.78,7.8,11065,73.7
2024,3503,Trenggalek,Jawa Timur,75.35,12.63,7.92,10872,72.47
2024,3504,Tulungagung,Jawa Timur,75.2,13.36,8.68,11966,75.13
2024,3505,Blitar,Jawa Timur,75.32,12.67,7.87,12020,73.44
2024,3506,Kediri,Jawa Timur,75.07,13.63,8.26,12388,75.18
2024,3507,Malang,Jawa Timur,75.34,13.49,7.8,11190,73.53
2024,3508,Lumajang,Jawa Timur,74.57,12.41,7.27,10124,70.31
2024,3509,Jember,Jawa Timur,74.17,13.5,6.54,10700,70.93
2024,3510,Banyuwangi,Jawa Timur,74.13,13.14,7.78,13320,74.3
2024,3511,Bondowoso,Jawa Timur,73.31,13.33,6.53,11689,71.22
2024,3512,Situbondo,Jawa Timur,73.36,13.2,6.93,11216,71.22
2024,3513,Probolinggo,Jawa Timur,73.93,12.64,6.31,12258,70.85
2024,3514,Pasuruan,Jawa Timur,74.61,12.78,7.46,11617,72.36
2024,3515,Sidoarjo,Jawa Timur,75.63,15.22,10.91,15710,82.67
2024,3516,Mojokerto,Jawa Timur,74.95,12.99,9.13,13903,76.69
2024,3517,Jombang,Jawa Timur,74.64,13.61,8.78,12454,75.67
2024,3518,Nganjuk,Jawa Timur,74.64,13.18,8.25,13376,75.24
2024,3519,Madiun,Jawa Timur,74.79,13.27,8.2,12668,74.81
2024,3520,Magetan,Jawa Timur,75.42,14.08,8.69,12915,76.77
2024,3521,Ngawi,Jawa Timur,75.21,12.89,7.84,12414,73.91
2024,3522,Bojonegoro,Jawa Timur,74.91,13.18,7.59,11204,72.75
2024,3523,Tuban,Jawa Timur,74.95,12.54,7.53,11579,72.31
2024,3524,Lamongan,Jawa Timur,75.07,14.03,8.48,12419,75.9
2024,3525,Gresik,Jawa Timur,74.48,13.98,10.03,14356,78.93
2024,3526,Bangkalan,Jawa Timur,73.43,11.98,6.01,9841,67.33
2024,3527,Sampang,Jawa Timur,73.66,12.55,5.08,9782,66.72
2024,3528,Pamekasan,Jawa Timur,73.66,13.69,7.17,9811,70.85
2024,3529,Sumenep,Jawa Timur,73.86,13.59,6.1,10156,69.78
2024,3571,Kota Kediri,Jawa Timur,75.94,15.71,10.92,13670,81.88
2024,3572,Kota Blitar,Jawa Timur,75.2,14.81,10.82,14933,81.44
2024,3573,Kota Malang,Jawa Timur,75.54,15.79,11.14,17791,84.68
2024,3574,Kota Probolinggo,Jawa Timur,74.31,13.98,9.72,13405,77.79
2024,3575,Kota Pasuruan,Jawa Timur,74.86,13.67,9.94,14664,78.9
2024,3576,Kota Mojokerto,Jawa Timur,75.99,14.13,11.38,14842,81.76
2024,3577,Kota Madiun,Jawa Timur,75.67,14.54,12.11,17518,84.51
2024,3578,Kota Surabaya,Jawa Timur,76.02,14.87,10.89,19666,84.69
2024,3579,Kota Batu,Jawa Timur,75.36,14.58,9.87,14253,79.69
2024,3601,Pandeglang,Banten,74.22,13.74,7.16,9574,70.88
2024,3602,Lebak,Banten,73.99,12.11,6.61,9631,68.33
2024,3603,Tangerang,Banten,75.34,12.88,9.06,13254,76.19
2024,3604,Serang,Banten,74.91,12.87,7.88,11767,73.28
2024,3671,Kota Tangerang,Banten,75.5,13.9,11.14,15641,81.53
2024,3672,Kota Cilegon,Banten,75.03,13.23,10.39,14294,78.83
2024,3673,Kota Serang,Banten,75.31,12.83,8.93,14603,76.9
2024,3674,Kota Tangerang Selatan,Banten,75.8,14.7,11.86,17028,84.16
2024,5101,Jembrana,Bali,75.07,13.05,8.7,12638,75.32
2024,5102,Tabanan,Bali,75.67,13.29,9.57,15297,78.83
2024,5103,Badung,Bali,75.9,14.23,11.14,18556,83.73
2024,5104,Gianyar,Bali,75.72,14.11,9.84,15577,80.23
2024,5105,Klungkung,Bali,74.9,13.13,8.74,12358,75.15
2024,5106,Bangli,Bali,74.23,12.53,7.58,12148,72.51
2024,5107,Karangasem,Bali,74.17,12.91,6.7,11176,70.91
2024,5108,Buleleng,Bali,74.71,13.3,7.69,14377,75.35
2024,5171,Kota Denpasar,Bali,75.8,14.13,11.53,20763,85.11
2024,5201,Lombok Barat,Nusa Tenggara Barat,72.64,13.99,6.88,12431,72.7
2024,5202,Lombok Tengah,Nusa Tenggara Barat,71.59,13.89,6.73,11531,71.19
2024,5203,Lombok Timur,Nusa Tenggara Barat,71.95,14.07,7.36,10571,71.48
2024,5204,Sumbawa,Nusa Tenggara Barat,72.67,13.34,8.59,10349,72.36
2024,5205,Dompu,Nusa Tenggara Barat,71.76,13.84,9.04,9971,72.59
2024,5206,Bima,Nusa Tenggara Barat,71.88,13.66,8.3,9418,70.99
2024,5207,Sumbawa Barat,Nusa Tenggara Barat,72.97,13.68,8.99,12841,75.52
2024,5208,Lombok Utara,Nusa Tenggara Barat,71.52,13.02,6.4,10272,68.64
2024,5271,Kota Mataram,Nusa Tenggara Barat,74.83,15.68,9.58,16514,81.64
2024,5272,Kota Bima,Nusa Tenggara Barat,73.15,15.08,10.96,12362,78.91
2024,5301,Kupang,Nusa Tenggara Timur,69.53,13.9,7.62,8508,68.26
2024,5302,Timor Tengah Selatan,Nusa Tenggara Timur,71.22,12.62,7.21,7755,66.22
2024,5303,Timor Tengah Utara,Nusa Tenggara Timur,71.02,13.36,8.17,7242,67.27
2024,5304,Belu,Nusa Tenggara Timur,74.3,12.32,7.5,8159,68.13
2024,5305,Alor,Nusa Tenggara Timur,70.88,12.48,8.61,7806,67.7
2024,5306,Flores Timur,Nusa Tenggara Timur,73.91,12.96,8.06,8505,69.79
2024,5307,Sikka,Nusa Tenggara Timur,74.24,13.67,6.99,9019,69.96
2024,5308,Ende,Nusa Tenggara Timur,72.87,13.83,8.29,10009,72.24
2024,5309,Ngada,Nusa Tenggara Timur,74.43,12.75,8.83,9585,72.04
2024,5310,Manggarai,Nusa Tenggara Timur,72.44,13.73,7.91,8204,69.35
2024,5311,Sumba Timur,Nusa Tenggara Timur,71.57,12.87,7.77,10280,70.28
2024,5312,Sumba Barat,Nusa Tenggara Timur,71.37,13.4,7.17,8243,67.7
2024,5313,Lembata,Nusa Tenggara Timur,73.35,12.47,8.27,8238,68.95
2024,5314,Rote Ndao,Nusa Tenggara Timur,69.81,13.23,7.83,7365,66.4
2024,5315,Manggarai Barat,Nusa Tenggara Timur,72.86,12.54,8.21,8195,68.68
2024,5316,Nagekeo,Nusa Tenggara Timur,72.51,12.69,8.23,8986,69.7
2024,5317,Sumba Tengah,Nusa Tenggara Timur,69.46,13.14,7.23,6743,64.46
2024,5318,Sumba Barat Daya,Nusa Tenggara Timur,69.2,13.11,6.39,7358,64.27
2024,5319,Manggarai Timur,Nusa Tenggara Timur,72.98,12.66,7.96,6561,66.03
2024,5320,Sabu Raijua,Nusa Tenggara Timur,66.65,13.19,6.99,6207,62.06
2024,5321,Malaka,Nusa Tenggara Timur,71.47,12.83,7.14,6879,65.13
2024,5371,Kota Kupang,Nusa Tenggara Timur,74.95,16.54,11.64,14001,83.21
2024,6101,Sambas,Kalimantan Barat,74.32,12.76,6.76,11538,71.2
2024,6102,Mempawah,Kalimantan Barat,74.34,12.9,7.21,9163,69.63
2024,6103,Sanggau,Kalimantan Barat,74.15,11.88,7.47,9728,69.4
2024,6104,Ketapang,Kalimantan Barat,73.72,11.97,7.68,10472,70.34
2024,6105,Sintang,Kalimantan Barat,74.35,12.32,7.65,9657,70.13
2024,6106,Kapuas Hulu,Kalimantan Barat,73.49,12.23,8.03,8470,68.77
2024,6107,Bengkayang,Kalimantan Barat,74.42,12.22,7.41,10208,70.3
2024,6108,Landak,Kalimantan Barat,74.13,12.54,7.46,8868,69.13
2024,6109,Sekadau,Kalimantan Barat,74.12,11.93,7.23,8511,67.74
2024,6110,Melawi,Kalimantan Barat,73.82,11.37,7.66,9596,68.81
2024,6111,Kayong Utara,Kalimantan Barat,72.54,12.2,6.54,9016,67.05
2024,6112,Kubu Raya,Kalimantan Barat,73.42,13.9,7.05,10132,71.14
2024,6171,Kota Pontianak,Kalimantan Barat,75.46,15.06,10.47,16212,82.22
2024,6172,Kota Singkawang,Kalimantan Barat,74.75,12.95,8.22,12945,74.68
2024,6201,Kotawaringin Barat,Kalimantan Tengah,73.29,12.78,8.77,14095,75.35
2024,6202,Kotawaringin Timur,Kalimantan Tengah,74.38,12.89,8.18,13042,74.47
2024,6203,Kapuas,Kalimantan Tengah,72.86,13.01,7.93,12265,72.98
2024,6204,Barito Selatan,Kalimantan Tengah,72.79,13.0,9.22,12508,74.76
2024,6205,Barito Utara,Kalimantan Tengah,73.65,12.55,8.92,11150,73.17
2024,6206,Katingan,Kalimantan Tengah,74.14,12.99,8.95,11691,74.37
2024,6207,Seruyan,Kalimantan Tengah,73.29,12.04,8.01,10474,70.66
2024,6208,Sukamara,Kalimantan Tengah,74.37,12.17,8.18,9809,70.83
2024,6209,Lamandau,Kalimantan Tengah,73.59,12.53,8.82,12278,73.95
2024,6210,Gunung Mas,Kalimantan Tengah,73.58,12.1,9.37,11902,73.88
2024,6211,Pulang Pisau,Kalimantan Tengah,73.24,12.52,8.42,11207,72.36
2024,6212,Murung Raya,Kalimantan Tengah,73.44,12.05,7.94,11503,71.58
2024,6213,Barito Timur,Kalimantan Tengah,72.21,12.88,9.54,12576,74.81
2024,6271,Kota Palangkaraya,Kalimantan Tengah,74.49,15.13,11.66,15188,82.53
2024,6301,Tanah Laut,Kalimantan Selatan,74.64,12.43,7.94,12595,73.42
2024,6302,Kotabaru,Kalimantan Selatan,73.88,12.08,7.56,12929,72.42
2024,6303,Banjar,Kalimantan Selatan,73.55,13.04,7.95,13683,74.41
2024,6304,Barito Kuala,Kalimantan Selatan,72.52,12.56,7.92,11168,71.4
2024,6305,Tapin,Kalimantan Selatan,74.72,12.34,8.15,13163,74.06
2024,6306,Hulu Sungai Selatan,Kalimantan Selatan,72.82,12.48,8.09,14150,73.95
2024,6307,Hulu Sungai Tengah,Kalimantan Selatan,72.6,12.31,8.35,13176,73.33
2024,6308,Hulu Sungai Utara,Kalimantan Selatan,72.49,13.21,7.78,10981,71.74
2024,6309,Tabalong,Kalimantan Selatan,74.76,12.92,9.15,13097,75.97
2024,6310,Tanah Bumbu,Kalimantan Selatan,74.44,12.61,8.43,13026,74.5
2024,6311,Balangan,Kalimantan Selatan,73.87,13.09,8.13,12325,73.83
2024,6371,Kota Banjarmasin,Kalimantan Selatan,75.07,14.01,10.35,15714,80.53
2024,6372,Kota Banjarbaru,Kalimantan Selatan,75.11,14.86,11.0,14927,81.65
2024,6401,Paser,Kalimantan Timur,74.1,13.38,8.92,12181,75.13
2024,6402,Kutai Kartanegara,Kalimantan Timur,74.33,13.65,9.27,12957,76.57
2024,6403,Berau,Kalimantan Timur,73.66,13.37,9.57,14101,77.17
2024,6407,Kutai Barat,Kalimantan Timur,73.93,13.36,8.89,11903,74.76
2024,6408,Kutai Timur,Kalimantan Timur,74.55,13.02,9.47,12490,75.9
2024,6409,Penajam Paser Utara,Kalimantan Timur,74.27,12.87,8.57,13100,74.94
2024,6411,Mahakam Ulu,Kalimantan Timur,73.64,12.78,8.5,9126,70.79
2024,6471,Kota Balikpapan,Kalimantan Timur,75.87,14.25,10.99,16854,82.62
2024,6472,Kota Samarinda,Kalimantan Timur,75.51,15.4,10.95,16160,83.11
2024,6474,Kota Bontang,Kalimantan Timur,75.03,13.73,10.97,18394,82.49
2024,6501,Bulungan,Kalimantan Utara,73.87,13.25,9.23,10581,73.83
2024,6502,Malinau,Kalimantan Utara,73.27,13.35,9.63,11190,74.72
2024,6503,Nunukan,Kalimantan Utara,73.13,12.69,8.39,8265,69.27
2024,6504,Tana Tidung,Kalimantan Utara,73.51,12.61,9.24,8707,70.95
2024,6571,Kota Tarakan,Kalimantan Utara,74.27,14.22,10.37,12451,78.03
2024,7101,Bolaang Mongondow,Sulawesi Utara,72.16,11.65,8.38,11507,71.14
2024,7102,Minahasa,Sulawesi Utara,75.22,14.19,10.23,13681,79.26
2024,7103,Kepulauan Sangihe,Sulawesi Utara,74.7,12.61,8.65,12409,74.43
2024,7104,Kepulauan Talaud,Sulawesi Utara,73.51,12.67,9.96,9512,72.83
2024,7105,Minahasa Selatan,Sulawesi Utara,74.35,13.02,9.43,12529,75.79
2024,7106,Minahasa Utara,Sulawesi Utara,74.7,13.08,10.35,12412,77.05
2024,7107,Minahasa Tenggara,Sulawesi Utara,73.36,12.6,9.14,11511,73.68
2024,7108,Bolaang Mongondow Utara,Sulawesi Utara,73.63,12.39,8.61,10170,71.66
2024,7109,Kepulauan Siau Tagulandang Biaro,Sulawesi Utara,74.67,12.04,9.43,9062,71.55
2024,7110,Bolaang Mongondow Timur,Sulawesi Utara,73.45,11.91,8.29,10191,70.68
2024,7111,Bolaang Mongondow Selatan,Sulawesi Utara,70.94,12.34,8.28,10114,69.92
2024,7171,Kota Manado,Sulawesi Utara,75.24,14.2,11.46,15301,81.86
2024,7172,Kota Bitung,Sulawesi Utara,74.43,12.67,9.96,13539,76.9
2024,7173,Kota Tomohon,Sulawesi Utara,75.57,14.38,11.03,13045,80.06
2024,7174,Kota Kotamobagu,Sulawesi Utara,74.97,13.05,10.35,12074,76.86
2024,7201,Banggai,Sulawesi Tengah,72.26,13.35,8.81,10772,72.86
2024,7202,Poso,Sulawesi Tengah,73.02,13.75,9.54,9948,73.65
2024,7203,Donggala,Sulawesi Tengah,70.74,12.62,8.0,9117,68.71
2024,7204,Toli-Toli,Sulawesi Tengah,71.31,13.17,8.91,8918,70.38
2024,7205,Buol,Sulawesi Tengah,71.3,13.18,9.2,9051,70.89
2024,7206,Morowali,Sulawesi Tengah,71.09,13.39,9.38,12281,74.36
2024,7207,Banggai Kepulauan,Sulawesi Tengah,67.54,13.11,8.7,8375,67.65
2024,7208,Parigi Moutong,Sulawesi Tengah,68.72,12.52,8.05,10846,69.48
2024,7209,Tojo Una Una,Sulawesi Tengah,71.05,12.43,8.56,8863,69.04
2024,7210,Sigi,Sulawesi Tengah,71.33,13.13,9.04,9254,70.9
2024,7211,Banggai Laut,Sulawesi Tengah,71.04,13.04,8.65,8776,69.65
2024,7212,Morowali Utara,Sulawesi Tengah,72.35,12.44,9.13,10032,71.64
2024,7271,Kota Palu,Sulawesi Tengah,73.91,16.52,11.75,15941,84.12
2024,7301,Kepulauan Selayar,Sulawesi Selatan,73.48,12.84,8.49,10235,71.98
2024,7302,Bulukumba,Sulawesi Selatan,74.18,13.45,8.52,11807,74.43
2024,7303,Bantaeng,Sulawesi Selatan,72.85,12.79,7.26,12719,72.2
2024,7304,Jeneponto,Sulawesi Selatan,74.0,12.14,7.01,10158,69.45
2024,7305,Takalar,Sulawesi Selatan,73.69,12.5,7.73,11679,72.06
2024,7306,Gowa,Sulawesi Selatan,74.19,13.71,8.53,10700,73.71
2024,7307,Sinjai,Sulawesi Selatan,73.04,13.27,7.82,10665,71.81
2024,7308,Bone,Sulawesi Selatan,73.46,13.02,7.55,10084,70.81
2024,7309,Maros,Sulawesi Selatan,73.77,13.51,8.05,12209,74.04
2024,7310,Pangkajene dan Kepulauan,Sulawesi Selatan,73.11,12.81,8.47,12643,73.87
2024,7311,Barru,Sulawesi Selatan,72.75,13.63,8.8,12058,74.51
2024,7312,Soppeng,Sulawesi Selatan,73.77,13.22,8.45,10547,72.76
2024,7313,Wajo,Sulawesi Selatan,73.47,13.32,7.46,13608,73.98
2024,7314,Sidenreng Rappang,Sulawesi Selatan,74.45,13.03,8.21,13209,74.81
2024,7315,Pinrang,Sulawesi Selatan,74.63,13.28,8.53,13010,75.43
2024,7316,Enrekang,Sulawesi Selatan,74.07,13.88,9.11,12138,75.83
2024,7317,Luwu,Sulawesi Selatan,73.52,13.43,8.81,11121,73.86
2024,7318,Tana Toraja,Sulawesi Selatan,74.85,14.1,8.77,8319,71.94
2024,7322,Luwu Utara,Sulawesi Selatan,73.87,12.61,8.37,12866,74.04
2024,7324,Luwu Timur,Sulawesi Selatan,74.55,13.18,8.94,13867,76.44
2024,7326,Toraja Utara,Sulawesi Selatan,75.03,13.43,8.54,9292,72.31
2024,7371,Kota Makassar,Sulawesi Selatan,75.33,15.62,11.57,18386,85.23
2024,7372,Kota Parepare,Sulawesi Selatan,74.63,14.55,10.88,14928,80.97
2024,7373,Kota Palopo,Sulawesi Selatan,74.19,15.13,11.16,14369,81.25
2024,7401,Kolaka,Sulawesi Tenggara,73.68,13.04,9.38,13534,76.2
2024,7402,Konawe,Sulawesi Tenggara,72.85,13.05,9.69,11415,74.5
2024,7403,Muna,Sulawesi Tenggara,71.64,14.17,8.71,9107,71.5
2024,7404,Buton,Sulawesi Tenggara,70.47,13.89,8.63,8401,69.72
2024,7405,Konawe Selatan,Sulawesi Tenggara,71.8,12.79,8.76,10250,71.51
2024,7406,Bombana,Sulawesi Tenggara,71.03,11.91,8.1,9692,68.85
2024,7407,Wakatobi,Sulawesi Tenggara,70.88,13.53,8.53,10739,72.03
2024,7408,Kolaka Utara,Sulawesi Tenggara,70.67,12.22,8.82,11650,71.75
2024,7409,Konawe Utara,Sulawesi Tenggara,70.6,13.13,9.61,10658,72.71
2024,7410,Buton Utara,Sulawesi Tenggara,71.4,13.32,9.24,8746,70.75
2024,7411,Kolaka Timur,Sulawesi Tenggara,73.23,12.71,8.43,9012,70.32
2024,7412,Konawe Kepulauan,Sulawesi Tenggara,70.29,12.55,9.46,7996,68.77
2024,7413,Muna Barat,Sulawesi Tenggara,71.23,12.74,8.09,8458,68.37
2024,7414,Buton Tengah,Sulawesi Tenggara,70.47,13.22,7.35,8434,67.58
2024,7415,Buton Selatan,Sulawesi Tenggara,70.22,13.36,7.75,8386,68.04
2024,7471,Kota Kendari,Sulawesi Tenggara,75.47,16.92,12.55,15651,85.97
2024,7472,Kota Bau Bau,Sulawesi Tenggara,74.67,15.53,11.03,11755,79.61
2024,7501,Gorontalo,Gorontalo,70.99,13.22,7.95,10645,70.96
2024,7502,Boalemo,Gorontalo,71.43,12.49,7.31,10401,69.34
2024,7503,Bone Bolango,Gorontalo,70.4,13.69,8.52,11717,72.82
2024,7504,Pohuwato,Gorontalo,69.63,12.48,7.78,11618,70.19
2024,7505,Gorontalo Utara,Gorontalo,69.88,12.5,7.4,10476,68.83
2024,7571,Kota Gorontalo,Gorontalo,73.55,14.59,10.41,13860,79.18
2024,7601,Pasangkayu,Sulawesi Barat,70.41,12.09,8.13,12190,71.04
2024,7602,Mamuju,Sulawesi Barat,72.13,13.29,8.35,10440,71.86
2024,7603,Mamasa,Sulawesi Barat,72.27,12.6,8.13,8415,68.68
2024,7604,Polewali Mandar,Sulawesi Barat,71.08,13.5,7.72,9536,69.88
2024,7605,Majene,Sulawesi Barat,70.39,13.72,9.46,10909,73.25
2024,7606,Mamuju Tengah,Sulawesi Barat,70.05,12.68,7.94,9250,68.53
2024,8101,Maluku Tengah,Maluku,71.01,14.67,9.79,11183,75.1
2024,8102,Maluku Tenggara,Maluku,70.93,12.91,9.84,8553,70.58
2024,8103,Kepulauan Tanimbar,Maluku,70.2,12.34,9.92,7091,67.69
2024,8104,Buru,Maluku,70.34,13.24,9.02,11261,72.55
2024,8105,Seram Bagian Timur,Maluku,68.73,12.92,9.0,10049,70.28
2024,8106,Seram Bagian Barat,Maluku,71.18,13.7,9.59,9706,72.54
2024,8107,Kepulauan Aru,Maluku,70.4,12.37,9.21,8488,69.0
2024,8108,Maluku Barat Daya,Maluku,69.65,12.71,9.13,7600,67.68
2024,8109,Buru Selatan,Maluku,70.28,12.85,8.48,8474,68.54
2024,8171,Kota Ambon,Maluku,73.14,16.08,12.24,15196,83.37
2024,8172,Kota Tual,Maluku,71.72,14.02,10.67,8238,72.48
2024,8201,Halmahera Barat,Maluku Utara,70.72,13.25,8.59,8426,69.2
2024,8202,Halmahera Tengah,Maluku Utara,70.48,13.52,9.2,9140,70.94
2024,8203,Halmahera Utara,Maluku Utara,71.95,13.69,8.67,8607,70.52
2024,8204,Halmahera Selatan,Maluku Utara,70.54,13.04,8.42,8210,68.43
2024,8205,Kepulauan Sula,Maluku Utara,68.8,12.98,9.17,8020,68.19
2024,8206,Halmahera Timur,Maluku Utara,71.7,12.89,8.88,8999,70.35
2024,8207,Pulau Morotai,Maluku Utara,71.16,13.02,7.73,7523,66.91
2024,8208,Pulau Taliabu,Maluku Utara,67.25,12.88,7.99,7226,64.88
2024,8271,Kota Ternate,Maluku Utara,72.87,15.92,12.08,14731,82.59
2024,8272,Kota Tidore Kepulauan,Maluku Utara,72.52,14.49,10.12,9269,74.01
2024,9103,Jayapura,Papua,70.48,14.59,10.57,10848,75.32
2024,9105,Kepulauan Yapen,Papua,70.85,12.82,9.71,8409,70.12
2024,9106,Biak Numfor,Papua,70.92,14.24,10.55,10600,74.95
2024,9110,Sarmi,Papua,69.91,12.38,9.61,7499,67.89
2024,9111,Keerom,Papua,69.95,12.52,8.58,9967,69.87
2024,9115,Waropen,Papua,69.72,12.85,9.42,7569,68.13
2024,9119,Supiori,Papua,69.62,13.2,9.21,6474,66.37
2024,9120,Mamberamo Raya,Papua,68.95,12.04,6.49,5298,59.48
2024,9171,Kota Jayapura,Papua,71.99,15.27,12.07,15408,81.98
2024,9202,Manokwari,Papua Barat,72.51,13.79,8.67,13008,75.15
2024,9203,Fak Fak,Papua Barat,71.57,14.79,9.32,8159,71.52
2024,9206,Teluk Bintuni,Papua Barat,68.05,12.62,8.67,10592,69.79
2024,9207,Teluk Wondama,Papua Barat,65.5,11.91,7.38,8887,64.52
2024,9208,Kaimana,Papua Barat,69.2,12.51,8.97,9242,69.2
2024,9211,Manokwari Selatan,Papua Barat,68.26,12.78,7.17,6139,62.45
2024,9212,Pegunungan Arfak,Papua Barat,67.79,11.8,5.72,5722,58.71
2024,9301,Merauke,Papua Selatan,71.41,14.48,9.37,11077,74.53
2024,9302,Boven Digoel,Papua Selatan,69.17,11.67,9.42,8616,68.16
2024,9303,Mappi,Papua Selatan,66.34,11.29,7.16,7068,61.66
2024,9304,Asmat,Papua Selatan,68.05,9.71,5.82,6262,57.63
2024,9401,Nabire,Papua Tengah,70.06,12.82,10.42,9856,72.28
2024,9402,Puncak Jaya,Papua Tengah,67.91,7.53,4.42,6091,52.47
2024,9403,Paniai,Papua Tengah,69.64,10.54,4.81,7470,59.61
2024,9404,Mimika,Papua Tengah,73.06,13.16,10.72,12487,76.85
2024,9405,Puncak,Papua Tengah,66.82,5.6,2.39,6363,45.7
2024,9406,Dogiyai,Papua Tengah,66.59,10.63,4.98,6755,57.72
2024,9407,Intan Jaya,Papua Tengah,66.74,7.7,3.28,6463,50.92
2024,9408,Deiyai,Papua Tengah,66.66,9.86,3.29,5509,52.29
2024,9501,Jayawijaya,Papua Pegunungan,69.98,12.85,5.99,8534,65.38
2024,9502,Pegunungan Bintang,Papua Pegunungan,66.1,7.01,3.51,6196,49.69
2024,9503,Yahukimo,Papua Pegunungan,66.51,8.05,4.35,5747,51.97
2024,9504,Tolikara,Papua Pegunungan,67.22,9.03,3.69,5653,52.31
2024,9505,Mamberamo Tengah,Papua Pegunungan,68.99,9.78,3.7,4943,52.5
2024,9506,Yalimo,Papua Pegunungan,66.12,9.8,3.55,5226,51.85
2024,9507,Lanny Jaya,Papua Pegunungan,67.29,9.44,3.83,5026,51.84
2024,9508,Nduga,Papua Pegunungan,63.9,4.45,1.92,4597,38.88
2024,9601,Sorong,Papua Barat Daya,70.08,14.08,8.74,8283,69.69
2024,9602,Sorong Selatan,Papua Barat Daya,67.23,13.29,7.76,6928,64.54
2024,9603,Raja Ampat,Papua Barat Daya,67.12,12.12,8.4,8761,66.6
2024,9604,Tambrauw,Papua Barat Daya,65.89,12.45,5.89,5489,58.31
2024,9605,Maybrat,Papua Barat Daya,65.97,13.51,7.44,5824,61.83
2024,9671,Kota Sorong,Papua Barat Daya,73.19,14.43,11.57,14368,80.55
2025,1101,Aceh Selatan,Aceh,70.81,14.72,9.25,9573,72.79
2025,1102,Aceh Tenggara,Aceh,73.01,14.52,10.39,9097,74.36
2025,1103,Aceh Timur,Aceh,72.45,13.09,8.8,10284,72.2
2025,1104,Aceh Tengah,Aceh,73.29,15.04,10.35,12175,78.09
2025,1105,Aceh Barat,Aceh,72.31,14.94,10.27,10937,76.3
2025,1106,Aceh Besar,Aceh,73.51,14.92,10.69,11072,77.46
2025,1107,Pidie,Aceh,70.19,14.53,9.37,11607,74.46
2025,1108,Aceh Utara,Aceh,73.01,14.76,9.38,9813,74.29
2025,1109,Simeulue,Aceh,69.92,14.59,10.09,8555,71.94
2025,1110,Aceh Singkil,Aceh,70.15,14.37,9.05,10227,72.62
2025,1111,Bireuen,Aceh,74.13,14.98,9.92,10418,76.29
2025,1112,Aceh Barat Daya,Aceh,70.95,13.7,9.11,9922,72.1
2025,1113,Gayo Lues,Aceh,70.12,14.73,8.75,10237,72.61
2025,1114,Aceh Jaya,Aceh,71.15,14.07,9.34,11324,74.2
2025,1115,Nagan Raya,Aceh,72.95,14.19,9.57,9759,73.87
2025,1116,Aceh Tamiang,Aceh,74.12,14.52,9.42,9959,74.78
2025,1117,Bener Meriah,Aceh,73.27,13.93,10.41,12657,77.48
2025,1118,Pidie Jaya,Aceh,73.62,15.02,9.8,11543,77.04
2025,1171,Kota Banda Aceh,Aceh,75.74,17.95,13.37,18356,89.55
2025,1172,Kota Sabang,Aceh,73.88,14.98,11.23,13040,80.04
2025,1173,Kota Lhokseumawe,Aceh,75.29,15.56,11.64,13071,81.75
2025,1174,Kota Langsa,Aceh,74.41,15.72,11.6,13510,81.77
2025,1175,Kota Subulussalam,Aceh,70.01,15.32,8.75,8910,71.63
2025,1201,Tapanuli Tengah,Sumatera Utara,72.2,13.51,8.93,11687,73.97
2025,1202,Tapanuli Utara,Sumatera Utara,74.7,13.75,10.5,12643,78.09
2025,1203,Tapanuli Selatan,Sumatera Utara,71.97,13.9,9.6,12557,75.78
2025,1204,Nias,Sumatera Utara,72.04,13.32,6.41,8115,66.79
2025,1205,Langkat,Sumatera Utara,74.72,13.29,8.95,12452,75.58
2025,1206,Karo,Sumatera Utara,74.71,13.27,10.3,13583,78.1
2025,1207,Deli Serdang,Sumatera Utara,74.02,13.46,10.5,13697,78.29
2025,1208,Simalungun,Sumatera Utara,74.59,13.16,9.74,12585,76.48
2025,1209,Asahan,Sumatera Utara,73.93,12.84,9.06,12760,75.13
2025,1210,Labuhanbatu,Sumatera Utara,73.45,13.3,9.53,12537,75.79
2025,1211,Dairi,Sumatera Utara,74.71,13.54,10.09,11794,76.68
2025,1212,Toba,Sumatera Utara,74.98,13.82,10.78,13333,79.17
2025,1213,Mandailing Natal,Sumatera Utara,72.06,14.1,9.17,11100,74.26
2025,1214,Nias Selatan,Sumatera Utara,71.92,13.12,6.61,8082,66.74
2025,1215,Pakpak Bharat,Sumatera Utara,73.35,13.92,9.94,9462,73.89
2025,1216,Humbang Hasundutan,Sumatera Utara,74.55,13.47,10.26,9097,73.93
2025,1217,Samosir,Sumatera Utara,74.68,13.53,9.81,10057,74.63
2025,1218,Serdang Bedagai,Sumatera Utara,73.76,12.66,9.13,12429,74.69
2025,1219,Batu Bara,Sumatera Utara,73.4,13.13,8.71,11747,73.92
2025,1220,Padang Lawas Utara,Sumatera Utara,71.94,13.73,10.05,11371,75.12
2025,1221,Padang Lawas,Sumatera Utara,71.87,14.11,9.64,10258,73.9
2025,1222,Labuhanbatu Selatan,Sumatera Utara,73.01,13.54,9.29,12797,75.74
2025,1223,Labuhanbatu Utara,Sumatera Utara,74.45,13.59,9.15,13347,76.71
2025,1224,Nias Utara,Sumatera Utara,72.48,13.38,7.25,7606,67.38
2025,1225,Nias Barat,Sumatera Utara,72.82,13.17,7.43,7032,66.65
2025,1271,Kota Medan,Sumatera Utara,75.54,14.8,11.8,16489,83.74
2025,1272,Kota Pematangsiantar,Sumatera Utara,75.42,14.62,11.83,13783,81.71
2025,1273,Kota Sibolga,Sumatera Utara,74.38,13.44,10.46,13317,78.11
2025,1274,Kota Tanjungbalai,Sumatera Utara,74.4,13.16,9.9,12726,76.7
2025,1275,Kota Binjai,Sumatera Utara,74.81,14.19,11.21,12409,79.2
2025,1276,Kota Tebing Tinggi,Sumatera Utara,74.58,13.14,10.88,14499,79.26
2025,1277,Kota Padangsidimpuan,Sumatera Utara,73.97,14.72,11.22,12274,79.19
2025,1278,Kota Gunungsitoli,Sumatera Utara,74.47,13.95,8.95,9477,73.29
2025,1301,Pesisir Selatan,Sumatera Barat,73.68,13.38,9.06,10633,73.72
2025,1302,Solok,Sumatera Barat,72.82,13.66,8.25,11318,73.26
2025,1303,Sijunjung,Sumatera Barat,73.3,12.99,8.66,11829,73.73
2025,1304,Tanah Datar,Sumatera Barat,74.35,15.06,9.46,11552,77.04
2025,1305,Padang Pariaman,Sumatera Barat,74.04,14.21,8.78,12089,75.71
2025,1306,Agam,Sumatera Barat,74.63,14.26,9.57,11034,76.04
2025,1307,Lima Puluh Kota,Sumatera Barat,73.64,13.53,8.49,10917,73.43
2025,1308,Pasaman,Sumatera Barat,72.76,13.65,8.49,9418,71.6
2025,1309,Kepulauan Mentawai,Sumatera Barat,71.4,13.17,8.21,7451,67.62
2025,1310,Dharmasraya,Sumatera Barat,74.34,13.02,9.31,12604,75.7
2025,1311,Solok Selatan,Sumatera Barat,72.77,13.08,9.2,11542,74.01
2025,1312,Pasaman Barat,Sumatera Barat,73.17,13.73,9.28,10231,73.69
2025,1371,Kota Padang,Sumatera Barat,75.59,16.58,11.64,15957,84.93
2025,1372,Kota Solok,Sumatera Barat,75.3,14.59,11.38,13504,80.9
2025,1373,Kota Sawahlunto,Sumatera Barat,74.21,13.89,10.54,11501,77.05
2025,1374,Kota Padang Panjang,Sumatera Barat,74.86,15.74,12.01,12148,81.32
2025,1375,Kota Bukittinggi,Sumatera Barat,76.06,15.29,11.66,14579,83.05
2025,1376,Kota Payakumbuh,Sumatera Barat,75.54,14.79,11.08,14536,81.62
2025,1377,Kota Pariaman,Sumatera Barat,74.62,14.81,11.32,14261,81.27
2025,1401,Kampar,Riau,75.05,13.7,9.78,12200,76.97
2025,1402,Indragiri Hulu,Riau,73.97,12.78,8.62,11495,73.48
2025,1403,Bengkalis,Riau,74.68,13.47,9.93,12521,77.02
2025,1404,Indragiri Hilir,Riau,72.55,12.39,7.49,11248,70.74
2025,1405,Pelalawan,Riau,74.98,12.92,8.97,13052,75.8
2025,1406,Rokan Hulu,Riau,73.79,13.03,9.11,10769,73.61
2025,1407,Rokan Hilir,Riau,74.18,12.9,8.55,10895,73.07
2025,1408,Siak,Riau,74.34,13.02,9.93,13546,77.19
2025,1409,Kuantan Singingi,Riau,73.34,13.39,9.33,11400,74.62
2025,1410,Kepulauan Meranti,Riau,72.4,12.9,8.13,9380,70.2
2025,1471,Kota Pekanbaru,Riau,76.37,15.85,12.08,15610,84.91
2025,1472,Kota Dumai,Riau,73.77,13.36,10.3,13369,77.58
2025,1501,Kerinci,Jambi,73.66,14.18,8.76,11650,75.1
2025,1502,Merangin,Jambi,74.4,12.5,8.41,11847,73.41
2025,1503,Sarolangun,Jambi,73.94,12.82,8.6,13030,74.72
2025,1504,Batanghari,Jambi,75.14,13.2,8.41,11219,73.94
2025,1505,Muaro Jambi,Jambi,75.06,13.38,8.72,10579,73.87
2025,1506,Tanjung Jabung Barat,Jambi,73.75,12.71,8.54,11266,73.0
2025,1507,Tanjung Jabung Timur,Jambi,74.82,12.22,7.71,10626,71.28
2025,1508,Bungo,Jambi,74.35,12.92,8.61,13182,75.15
2025,1509,Tebo,Jambi,73.88,13.2,8.05,11791,73.41
2025,1571,Kota Jambi,Jambi,75.53,15.56,11.59,13706,82.32
2025,1572,Kota Sungai Penuh,Jambi,74.7,14.85,10.75,11994,78.89
2025,1601,Ogan Komering Ulu,Sumatera Selatan,73.97,13.01,9.07,11700,74.47
2025,1602,Ogan Komering Ilir,Sumatera Selatan,74.47,11.99,7.49,12547,72.2
2025,1603,Muara Enim,Sumatera Selatan,74.82,12.03,8.45,12646,73.77
2025,1604,Lahat,Sumatera Selatan,73.93,12.46,9.03,11620,73.75
2025,1605,Musi Rawas,Sumatera Selatan,74.45,12.43,7.61,11407,71.92
2025,1606,Musi Banyuasin,Sumatera Selatan,74.72,12.34,8.29,11790,73.17
2025,1607,Banyuasin,Sumatera Selatan,74.73,12.54,7.65,11638,72.42
2025,1608,Ogan Komering Ulu Timur,Sumatera Selatan,74.8,12.66,8.13,13154,74.42
2025,1609,Ogan Komering Ulu Selatan,Sumatera Selatan,73.74,12.02,8.48,10010,70.98
2025,1610,Ogan Ilir,Sumatera Selatan,73.78,12.43,8.16,12445,73.21
2025,1611,Empat Lawang,Sumatera Selatan,71.14,12.12,8.02,11315,70.56
2025,1612,Penukal Abab Lematang Ilir,Sumatera Selatan,74.33,12.69,7.42,9965,70.55
2025,1613,Musi Rawas Utara,Sumatera Selatan,73.46,12.07,7.8,11460,71.39
2025,1671,Kota Palembang,Sumatera Selatan,76.26,14.47,11.25,16725,83.27
2025,1672,Kota Pagar Alam,Sumatera Selatan,74.18,13.51,9.78,10610,74.92
2025,1673,Kota Lubuk Linggau,Sumatera Selatan,75.46,13.88,10.15,15090,79.94
2025,1674,Kota Prabumulih,Sumatera Selatan,75.33,13.42,10.37,14342,79.17
2025,1701,Bengkulu Selatan,Bengkulu,73.32,13.67,9.6,11518,75.32
2025,1702,Rejang Lebong,Bengkulu,74.17,14.21,9.05,11824,75.87
2025,1703,Bengkulu Utara,Bengkulu,73.52,12.93,8.35,12045,73.56
2025,1704,Kaur,Bengkulu,73.31,13.16,8.71,10180,72.45
2025,1705,Seluma,Bengkulu,73.19,13.34,8.34,9919,71.85
2025,1706,Mukomuko,Bengkulu,74.31,13.06,8.65,12055,74.45
2025,1707,Lebong,Bengkulu,73.1,12.92,8.48,12776,74.1
2025,1708,Kepahiang,Bengkulu,72.61,13.31,8.61,11010,72.96
2025,1709,Bengkulu Tengah,Bengkulu,72.71,13.64,7.94,10973,72.48
2025,1771,Kota Bengkulu,Bengkulu,75.14,16.08,11.95,15971,84.59
2025,1801,Lampung Selatan,Lampung,74.84,12.79,7.98,11540,73.1
2025,1802,Lampung Tengah,Lampung,74.7,13.18,8.17,12975,74.86
2025,1803,Lampung Utara,Lampung,74.41,12.64,8.63,10160,72.28
2025,1804,Lampung Barat,Lampung,74.24,12.31,8.57,11612,73.14
2025,1805,Tulang Bawang,Lampung,74.32,12.39,7.9,12513,73.11
2025,1806,Tanggamus,Lampung,74.39,12.34,7.63,10888,71.36
2025,1807,Lampung Timur,Lampung,74.54,13.0,8.46,11670,73.92
2025,1808,Way Kanan,Lampung,74.61,12.53,7.91,10831,71.98
2025,1809,Pesawaran,Lampung,74.3,12.64,8.01,9638,70.9
2025,1810,Pringsewu,Lampung,74.92,13.09,8.72,11950,74.76
2025,1811,Mesuji,Lampung,74.16,11.97,7.3,9843,69.4
2025,1812,Tulang Bawang Barat,Lampung,74.55,12.13,7.81,10032,70.61
2025,1813,Pesisir Barat,Lampung,74.21,12.31,8.76,9879,71.72
2025,1871,Kota Bandar Lampung,Lampung,75.21,14.74,11.11,14270,81.26
2025,1872,Kota Metro,Lampung,75.86,14.97,11.19,13380,81.22
2025,1901,Bangka,Bangka Belitung,73.56,13.13,8.77,13411,75.38
2025,1902,Belitung,Bangka Belitung,73.13,12.1,9.11,14559,75.29
2025,1903,Bangka Selatan,Bangka Belitung,72.07,11.78,7.25,12920,70.83
2025,1904,Bangka Tengah,Bangka Belitung,74.11,12.34,7.33,13768,73.1
2025,1905,Bangka Barat,Bangka Belitung,72.35,11.95,7.8,13380,72.23
2025,1906,Belitung Timur,Bangka Belitung,74.12,11.78,9.03,12694,73.99
2025,1971,Kota Pangkal Pinang,Bangka Belitung,75.64,13.5,10.9,16856,81.64
2025,2101,Bintan,Kepulauan Riau,75.21,13.46,9.45,15303,78.65
2025,2102,Karimun,Kepulauan Riau,75.05,12.63,9.06,13649,76.08
2025,2103,Natuna,Kepulauan Riau,74.77,13.95,9.25,15683,78.94
2025,2104,Lingga,Kepulauan Riau,74.04,12.77,7.87,13108,73.82
2025,2105,Kepulauan Anambas,Kepulauan Riau,74.05,13.07,7.79,13141,74.07
2025,2171,Kota Batam,Kepulauan Riau,75.54,13.57,11.34,19944,83.8
2025,2172,Kota Tanjung Pinang,Kepulauan Riau,75.27,14.19,10.8,16838,82.02
2025,3101,Kepulauan Seribu,DKI Jakarta,75.24,12.97,9.27,14691,77.52
2025,3171,Kota Jakarta Pusat,DKI Jakarta,76.91,13.5,11.62,19309,84.45
2025,3172,Kota Jakarta Utara,DKI Jakarta,75.32,13.05,11.08,20584,83.12
2025,3173,Kota Jakarta Barat,DKI Jakarta,76.23,13.47,11.25,22831,85.18
2025,3174,Kota Jakarta Selatan,DKI Jakarta,76.55,14.28,12.06,26387,88.51
2025,3175,Kota Jakarta Timur,DKI Jakarta,75.93,14.32,12.01,19824,85.51
2025,3201,Bogor,Jawa Barat,75.23,12.76,8.72,11933,74.53
2025,3202,Sukabumi,Jawa Barat,75.12,12.4,7.63,10244,71.13
2025,3203,Cianjur,Jawa Barat,75.05,12.31,7.62,9173,69.84
2025,3204,Bandung,Jawa Barat,75.7,12.99,9.4,11619,75.58
2025,3205,Garut,Jawa Barat,75.14,12.43,7.86,9479,70.67
2025,3206,Tasikmalaya,Jawa Barat,74.37,12.92,7.98,9258,70.76
2025,3207,Ciamis,Jawa Barat,75.69,14.31,8.23,10406,74.33
2025,3208,Kuningan,Jawa Barat,75.64,12.52,7.91,10707,72.31
2025,3209,Cirebon,Jawa Barat,75.39,12.67,7.88,11769,73.27
2025,3210,Majalengka,Jawa Barat,75.32,12.5,7.81,11094,72.37
2025,3211,Sumedang,Jawa Barat,75.7,13.21,8.92,11963,75.5
2025,3212,Indramayu,Jawa Barat,75.16,12.58,7.06,11316,71.58
2025,3213,Subang,Jawa Barat,75.41,12.38,7.68,12144,73.0
2025,3214,Purwakarta,Jawa Barat,75.28,12.51,8.37,13400,74.97
2025,3215,Karawang,Jawa Barat,75.57,12.22,8.31,13251,74.59
2025,3216,Bekasi,Jawa Barat,75.71,13.22,10.07,13004,77.8
2025,3217,Bandung Barat,Jawa Barat,75.44,12.26,8.34,9862,71.65
2025,3218,Pangandaran,Jawa Barat,75.45,12.41,8.11,9995,71.66
2025,3271,Kota Bogor,Jawa Barat,76.25,13.69,10.72,13571,79.75
2025,3272,Kota Sukabumi,Jawa Barat,75.45,13.63,10.39,12692,78.23
2025,3273,Kota Bandung,Jawa Barat,76.3,14.27,11.41,19280,84.66
2025,3274,Kota Cirebon,Jawa Barat,75.97,13.45,10.54,13341,78.99
2025,3275,Kota Bekasi,Jawa Barat,76.61,14.15,12.11,17216,84.43
2025,3276,Kota Depok,Jawa Barat,76.3,14.21,11.83,17279,84.04
2025,3277,Kota Cimahi,Jawa Barat,76.0,13.86,11.53,13697,80.85
2025,3278,Kota Tasikmalaya,Jawa Barat,75.66,13.51,9.64,11849,76.59
2025,3279,Kota Banjar,Jawa Barat,75.35,13.29,8.84,12222,75.54
2025,3301,Cilacap,Jawa Tengah,75.3,12.7,7.65,12371,73.45
2025,3302,Banyumas,Jawa Tengah,74.79,13.53,8.1,13301,75.44
2025,3303,Purbalingga,Jawa Tengah,74.48,12.11,7.37,11949,71.71
2025,3304,Banjarnegara,Jawa Tengah,74.86,12.04,7.1,10992,70.61
2025,3305,Kebumen,Jawa Tengah,75.56,13.42,7.89,10658,73.17
2025,3306,Purworejo,Jawa Tengah,76.06,13.58,8.74,12085,75.93
2025,3307,Wonosobo,Jawa Tengah,74.56,12.05,6.91,12552,71.5
2025,3308,Magelang,Jawa Tengah,74.93,12.83,8.04,11343,73.09
2025,3309,Boyolali,Jawa Tengah,76.76,12.9,8.41,14594,76.95
2025,3310,Klaten,Jawa Tengah,77.69,13.44,9.3,13948,78.68
2025,3311,Sukoharjo,Jawa Tengah,78.21,14.03,10.02,13238,79.9
2025,3312,Wonogiri,Jawa Tengah,77.3,12.76,7.85,10938,73.42
2025,3313,Karanganyar,Jawa Tengah,78.21,13.74,9.27,13244,78.67
2025,3314,Sragen,Jawa Tengah,76.48,13.21,7.89,14461,76.38
2025,3315,Grobogan,Jawa Tengah,75.57,12.58,7.51,11991,72.94
2025,3316,Blora,Jawa Tengah,75.23,12.83,7.45,11240,72.35
2025,3317,Rembang,Jawa Tengah,75.29,12.5,7.89,12189,73.4
2025,3318,Pati,Jawa Tengah,76.83,13.08,8.09,12186,74.98
2025,3319,Kudus,Jawa Tengah,77.21,13.49,9.51,12842,77.94
2025,3320,Jepara,Jawa Tengah,76.49,12.87,8.28,12242,74.9
2025,3321,Demak,Jawa Tengah,76.08,13.37,8.29,12014,75.08
2025,3322,Semarang,Jawa Tengah,76.45,13.23,8.17,13923,76.4
2025,3323,Temanggung,Jawa Tengah,76.16,12.63,7.61,10995,72.52
2025,3324,Kendal,Jawa Tengah,74.96,13.01,7.97,13721,75.07
2025,3325,Batang,Jawa Tengah,75.35,12.18,7.35,11424,71.7
2025,3326,Pekalongan,Jawa Tengah,74.59,12.63,7.5,12185,72.71
2025,3327,Pemalang,Jawa Tengah,74.55,12.03,6.69,10521,69.47
2025,3328,Tegal,Jawa Tengah,74.62,12.97,7.37,11498,72.36
2025,3329,Brebes,Jawa Tengah,74.4,12.66,6.61,11853,71.18
2025,3371,Kota Magelang,Jawa Tengah,78.03,14.84,11.44,14023,82.92
2025,3372,Kota Surakarta,Jawa Tengah,78.18,15.08,11.26,16883,84.92
2025,3373,Kota Salatiga,Jawa Tengah,78.75,15.47,11.49,17523,86.23
2025,3374,Kota Semarang,Jawa Tengah,78.72,15.58,11.11,17402,85.8
2025,3375,Kota Pekalongan,Jawa Tengah,75.1,12.98,9.35,14988,77.76
2025,3376,Kota Tegal,Jawa Tengah,75.3,13.26,9.29,14801,77.95
2025,3401,Kulon Progo,DI Yogyakarta,75.71,14.55,9.33,11499,76.97
2025,3402,Bantul,DI Yogyakarta,75.04,15.91,10.11,17240,83.03
2025,3403,Gunungkidul,DI Yogyakarta,75.12,13.56,7.64,11006,73.13
2025,3404,Sleman,DI Yogyakarta,75.81,16.8,11.42,18231,86.35
2025,3471,Kota Yogyakarta,DI Yogyakarta,76.05,17.67,12.13,21104,89.53
2025,3501,Pacitan,Jawa Timur,74.98,12.7,7.91,10756,72.26
2025,3502,Ponorogo,Jawa Timur,75.61,13.93,7.95,11561,74.65
2025,3503,Trenggalek,Jawa Timur,75.63,12.78,8.09,11322,73.39
2025,3504,Tulungagung,Jawa Timur,75.51,13.5,8.69,12505,75.88
2025,3505,Blitar,Jawa Timur,75.63,12.83,8.01,12633,74.43
2025,3506,Kediri,Jawa Timur,75.41,13.77,8.38,12968,76.09
2025,3507,Malang,Jawa Timur,75.63,13.6,7.98,11681,74.45
2025,3508,Lumajang,Jawa Timur,74.8,12.53,7.28,10603,71.02
2025,3509,Jember,Jawa Timur,74.37,13.51,6.64,11147,71.57
2025,3510,Banyuwangi,Jawa Timur,74.43,13.32,7.84,13963,75.17
2025,3511,Bondowoso,Jawa Timur,73.47,13.34,6.54,12192,71.72
2025,3512,Situbondo,Jawa Timur,73.54,13.21,7.03,11713,71.87
2025,3513,Probolinggo,Jawa Timur,74.1,12.8,6.43,12749,71.65
2025,3514,Pasuruan,Jawa Timur,74.81,12.91,7.47,12117,73.02
2025,3515,Sidoarjo,Jawa Timur,76.08,15.23,10.94,16366,83.35
2025,3516,Mojokerto,Jawa Timur,75.28,13.16,9.14,14525,77.46
2025,3517,Jombang,Jawa Timur,74.97,13.62,8.88,12976,76.37
2025,3518,Nganjuk,Jawa Timur,74.96,13.19,8.26,14068,75.89
2025,3519,Madiun,Jawa Timur,75.11,13.28,8.21,13325,75.47
2025,3520,Magetan,Jawa Timur,75.76,14.09,8.84,13515,77.58
2025,3521,Ngawi,Jawa Timur,75.49,12.9,7.88,12837,74.43
2025,3522,Bojonegoro,Jawa Timur,75.2,13.27,7.78,11796,73.74
2025,3523,Tuban,Jawa Timur,75.23,12.77,7.54,12117,73.15
2025,3524,Lamongan,Jawa Timur,75.4,14.04,8.73,12963,76.81
2025,3525,Gresik,Jawa Timur,74.9,13.99,10.13,14983,79.69
2025,3526,Bangkalan,Jawa Timur,73.62,12.09,6.15,10265,68.15
2025,3527,Sampang,Jawa Timur,73.89,12.56,5.19,10030,67.23
2025,3528,Pamekasan,Jawa Timur,73.85,13.83,7.29,10206,71.64
2025,3529,Sumenep,Jawa Timur,74.09,13.6,6.24,10631,70.54
2025,3571,Kota Kediri,Jawa Timur,76.28,15.72,11.09,14284,82.71
2025,3572,Kota Blitar,Jawa Timur,75.47,14.82,10.83,15586,82.03
2025,3573,Kota Malang,Jawa Timur,75.88,15.8,11.36,18596,85.55
2025,3574,Kota Probolinggo,Jawa Timur,74.64,13.99,9.73,14134,78.5
2025,3575,Kota Pasuruan,Jawa Timur,75.19,13.68,9.98,15289,79.52
2025,3576,Kota Mojokerto,Jawa Timur,76.31,14.14,11.44,15374,82.35
2025,3577,Kota Madiun,Jawa Timur,76.11,14.55,12.12,18173,85.12
2025,3578,Kota Surabaya,Jawa Timur,76.34,14.88,11.15,20679,85.65
2025,3579,Kota Batu,Jawa Timur,75.7,14.59,9.95,14807,80.35
2025,3601,Pandeglang,Banten,74.56,13.75,7.5,9923,71.84
2025,3602,Lebak,Banten,74.3,12.12,6.78,10165,69.24
2025,3603,Tangerang,Banten,75.63,12.89,9.16,13625,76.74
2025,3604,Serang,Banten,75.39,13.02,8.03,12065,74.1
2025,3671,Kota Tangerang,Banten,75.86,13.96,11.46,16058,82.41
2025,3672,Kota Cilegon,Banten,75.45,13.41,10.4,14759,79.54
2025,3673,Kota Serang,Banten,75.63,12.85,8.94,15250,77.5
2025,3674,Kota Tangerang Selatan,Banten,76.09,14.71,12.1,17396,84.81
2025,5101,Jembrana,Bali,75.42,13.13,8.71,13113,75.94
2025,5102,Tabanan,Bali,76.07,13.37,9.81,15752,79.7
2025,5103,Badung,Bali,76.18,14.26,11.26,19004,84.27
2025,5104,Gianyar,Bali,76.14,14.12,9.93,16244,80.96
2025,5105,Klungkung,Bali,75.32,13.14,8.75,13023,75.89
2025,5106,Bangli,Bali,74.6,12.54,7.8,12447,73.22
2025,5107,Karangasem,Bali,74.52,12.92,6.98,11676,71.89
2025,5108,Buleleng,Bali,74.87,13.31,7.94,14827,76.06
2025,5171,Kota Denpasar,Bali,76.16,14.14,11.64,21185,85.63
2025,5201,Lombok Barat,Nusa Tenggara Barat,73.03,14.17,7.15,12544,73.52
2025,5202,Lombok Tengah,Nusa Tenggara Barat,71.89,13.9,7.08,11870,72.07
2025,5203,Lombok Timur,Nusa Tenggara Barat,72.29,14.08,7.71,10851,72.35
2025,5204,Sumbawa,Nusa Tenggara Barat,73.07,13.35,8.88,10716,73.27
2025,5205,Dompu,Nusa Tenggara Barat,72.09,14.01,9.38,10230,73.58
2025,5206,Bima,Nusa Tenggara Barat,72.22,13.67,8.61,9821,71.97
2025,5207,Sumbawa Barat,Nusa Tenggara Barat,73.44,13.84,9.35,12983,76.46
2025,5208,Lombok Utara,Nusa Tenggara Barat,71.88,13.16,6.75,10502,69.63
2025,5271,Kota Mataram,Nusa Tenggara Barat,75.12,15.69,9.89,16851,82.37
2025,5272,Kota Bima,Nusa Tenggara Barat,73.45,15.21,10.97,12623,79.41
2025,5301,Kupang,Nusa Tenggara Timur,69.91,13.91,7.87,8745,69.03
2025,5302,Timor Tengah Selatan,Nusa Tenggara Timur,71.47,12.63,7.43,7951,66.88
2025,5303,Timor Tengah Utara,Nusa Tenggara Timur,71.39,13.39,8.36,7364,67.87
2025,5304,Belu,Nusa Tenggara Timur,74.77,12.33,7.73,8354,68.89
2025,5305,Alor,Nusa Tenggara Timur,71.33,12.59,8.72,8022,68.44
2025,5306,Flores Timur,Nusa Tenggara Timur,74.37,13.17,8.19,8700,70.61
2025,5307,Sikka,Nusa Tenggara Timur,74.64,13.68,7.2,9219,70.65
2025,5308,Ende,Nusa Tenggara Timur,73.06,13.84,8.52,10126,72.73
2025,5309,Ngada,Nusa Tenggara Timur,74.89,12.76,8.84,9827,72.53
2025,5310,Manggarai,Nusa Tenggara Timur,72.76,13.74,8.17,8423,70.1
2025,5311,Sumba Timur,Nusa Tenggara Timur,71.91,12.88,7.94,10619,70.99
2025,5312,Sumba Barat,Nusa Tenggara Timur,71.63,13.41,7.39,8530,68.46
2025,5313,Lembata,Nusa Tenggara Timur,73.81,12.54,8.49,8397,69.7
2025,5314,Rote Ndao,Nusa Tenggara Timur,70.17,13.24,7.84,7652,67.01
2025,5315,Manggarai Barat,Nusa Tenggara Timur,73.24,12.62,8.26,8351,69.2
2025,5316,Nagekeo,Nusa Tenggara Timur,72.89,12.74,8.47,9213,70.48
2025,5317,Sumba Tengah,Nusa Tenggara Timur,69.77,13.15,7.5,6965,65.29
2025,5318,Sumba Barat Daya,Nusa Tenggara Timur,69.46,13.12,6.47,7588,64.82
2025,5319,Manggarai Timur,Nusa Tenggara Timur,73.19,12.67,8.11,6745,66.63
2025,5320,Sabu Raijua,Nusa Tenggara Timur,66.88,13.2,7.1,6452,62.74
2025,5321,Malaka,Nusa Tenggara Timur,71.72,12.84,7.38,7067,65.84
2025,5371,Kota Kupang,Nusa Tenggara Timur,75.38,16.55,11.66,14262,83.65
2025,6101,Sambas,Kalimantan Barat,74.8,12.77,7.0,11939,72.08
2025,6102,Mempawah,Kalimantan Barat,74.82,13.0,7.4,9518,70.59
2025,6103,Sanggau,Kalimantan Barat,74.36,12.02,7.81,9990,70.36
2025,6104,Ketapang,Kalimantan Barat,73.92,12.09,7.99,10826,71.3
2025,6105,Sintang,Kalimantan Barat,74.71,12.33,7.86,9993,70.92
2025,6106,Kapuas Hulu,Kalimantan Barat,73.69,12.24,8.04,8765,69.24
2025,6107,Bengkayang,Kalimantan Barat,74.74,12.24,7.62,10462,70.99
2025,6108,Landak,Kalimantan Barat,74.4,12.55,7.76,9104,69.92
2025,6109,Sekadau,Kalimantan Barat,74.3,12.02,7.53,8862,68.73
2025,6110,Melawi,Kalimantan Barat,73.96,11.55,8.05,9799,69.8
2025,6111,Kayong Utara,Kalimantan Barat,73.02,12.21,6.55,9306,67.6
2025,6112,Kubu Raya,Kalimantan Barat,73.66,13.91,7.35,10500,72.01
2025,6171,Kota Pontianak,Kalimantan Barat,75.96,15.07,10.48,16725,82.8
2025,6172,Kota Singkawang,Kalimantan Barat,75.23,12.96,8.58,13344,75.67
2025,6201,Kotawaringin Barat,Kalimantan Tengah,73.53,12.92,8.87,14507,76.02
2025,6202,Kotawaringin Timur,Kalimantan Tengah,74.61,12.9,8.25,13434,74.96
2025,6203,Kapuas,Kalimantan Tengah,73.02,13.02,8.04,12602,73.47
2025,6204,Barito Selatan,Kalimantan Tengah,73.0,13.01,9.35,12736,75.21
2025,6205,Barito Utara,Kalimantan Tengah,73.75,12.56,8.93,11534,73.58
2025,6206,Katingan,Kalimantan Tengah,74.39,13.09,8.96,11781,74.68
2025,6207,Seruyan,Kalimantan Tengah,73.59,12.24,8.08,10620,71.24
2025,6208,Sukamara,Kalimantan Tengah,74.75,12.18,8.23,10178,71.45
2025,6209,Lamandau,Kalimantan Tengah,74.01,12.65,8.83,12498,74.46
2025,6210,Gunung Mas,Kalimantan Tengah,73.97,12.19,9.4,12215,74.46
2025,6211,Pulang Pisau,Kalimantan Tengah,73.62,12.61,8.47,11545,72.99
2025,6212,Murung Raya,Kalimantan Tengah,73.73,12.2,8.12,11776,72.34
2025,6213,Barito Timur,Kalimantan Tengah,72.48,12.89,9.71,13018,75.5
2025,6271,Kota Palangkaraya,Kalimantan Tengah,74.92,15.14,11.69,15469,82.98
2025,6301,Tanah Laut,Kalimantan Selatan,74.88,12.7,8.09,12986,74.32
2025,6302,Kotabaru,Kalimantan Selatan,74.03,12.23,7.71,13163,73.03
2025,6303,Banjar,Kalimantan Selatan,73.87,13.05,8.15,14101,75.11
2025,6304,Barito Kuala,Kalimantan Selatan,72.85,12.69,7.99,11469,72.05
2025,6305,Tapin,Kalimantan Selatan,75.09,12.6,8.38,13381,74.98
2025,6306,Hulu Sungai Selatan,Kalimantan Selatan,73.27,12.78,8.18,14453,74.81
2025,6307,Hulu Sungai Tengah,Kalimantan Selatan,73.02,12.58,8.45,13608,74.26
2025,6308,Hulu Sungai Utara,Kalimantan Selatan,72.95,13.47,8.0,11168,72.67
2025,6309,Tabalong,Kalimantan Selatan,74.95,13.18,9.37,13541,76.94
2025,6310,Tanah Bumbu,Kalimantan Selatan,74.68,12.8,8.44,13380,75.09
2025,6311,Balangan,Kalimantan Selatan,74.14,13.35,8.34,12675,74.78
2025,6371,Kota Banjarmasin,Kalimantan Selatan,75.38,14.02,10.36,16013,80.88
2025,6372,Kota Banjarbaru,Kalimantan Selatan,75.44,14.87,11.07,15361,82.2
2025,6401,Paser,Kalimantan Timur,74.39,13.39,9.04,12709,75.85
2025,6402,Kutai Kartanegara,Kalimantan Timur,74.65,13.85,9.28,13365,77.25
2025,6403,Berau,Kalimantan Timur,73.95,13.44,9.58,14582,77.72
2025,6407,Kutai Barat,Kalimantan Timur,74.23,13.4,9.01,12251,75.38
2025,6408,Kutai Timur,Kalimantan Timur,74.87,13.22,9.48,12755,76.48
2025,6409,Penajam Paser Utara,Kalimantan Timur,74.6,13.0,8.72,13636,75.82
2025,6411,Mahakam Ulu,Kalimantan Timur,73.91,12.85,8.71,9381,71.53
2025,6471,Kota Balikpapan,Kalimantan Timur,76.24,14.26,11.04,17482,83.23
2025,6472,Kota Samarinda,Kalimantan Timur,75.89,15.41,11.04,16345,83.53
2025,6474,Kota Bontang,Kalimantan Timur,75.36,13.8,11.03,18861,83.04
2025,6501,Bulungan,Kalimantan Utara,73.99,13.26,9.42,10997,74.53
2025,6502,Malinau,Kalimantan Utara,73.33,13.58,9.64,11436,75.21
2025,6503,Nunukan,Kalimantan Utara,73.21,12.81,8.4,8598,69.87
2025,6504,Tana Tidung,Kalimantan Utara,73.64,12.85,9.41,9037,71.86
2025,6571,Kota Tarakan,Kalimantan Utara,74.4,14.23,10.46,12961,78.62
2025,7101,Bolaang Mongondow,Sulawesi Utara,72.48,11.82,8.49,11756,71.83
2025,7102,Minahasa,Sulawesi Utara,75.6,14.2,10.25,14035,79.73
2025,7103,Kepulauan Sangihe,Sulawesi Utara,75.02,12.8,8.7,12839,75.18
2025,7104,Kepulauan Talaud,Sulawesi Utara,73.92,12.84,9.97,9953,73.68
2025,7105,Minahasa Selatan,Sulawesi Utara,74.74,13.03,9.53,12986,76.47
2025,7106,Minahasa Utara,Sulawesi Utara,75.02,13.27,10.36,12846,77.76
2025,7107,Minahasa Tenggara,Sulawesi Utara,73.71,12.61,9.16,11981,74.28
2025,7108,Bolaang Mongondow Utara,Sulawesi Utara,73.93,12.58,8.63,10434,72.28
2025,7109,Kepulauan Siau Tagulandang Biaro,Sulawesi Utara,75.1,12.05,9.51,9335,72.17
2025,7110,Bolaang Mongondow Timur,Sulawesi Utara,73.73,12.11,8.3,10600,71.43
2025,7111,Bolaang Mongondow Selatan,Sulawesi Utara,71.14,12.35,8.38,10519,70.54
2025,7171,Kota Manado,Sulawesi Utara,75.58,14.21,11.52,15755,82.4
2025,7172,Kota Bitung,Sulawesi Utara,74.76,12.88,10.05,13804,77.57
2025,7173,Kota Tomohon,Sulawesi Utara,75.99,14.39,11.04,13503,80.65
2025,7174,Kota Kotamobagu,Sulawesi Utara,75.37,13.25,10.36,12337,77.49
2025,7201,Banggai,Sulawesi Tengah,72.52,13.43,8.94,11000,73.44
2025,7202,Poso,Sulawesi Tengah,73.34,13.76,9.84,10314,74.55
2025,7203,Donggala,Sulawesi Tengah,71.03,12.75,8.01,9337,69.23
2025,7204,Toli-Toli,Sulawesi Tengah,71.62,13.18,9.0,9295,71.09
2025,7205,Buol,Sulawesi Tengah,71.62,13.19,9.21,9410,71.47
2025,7206,Morowali,Sulawesi Tengah,71.34,13.4,9.39,12527,74.7
2025,7207,Banggai Kepulauan,Sulawesi Tengah,67.83,13.12,8.88,8723,68.44
2025,7208,Parigi Moutong,Sulawesi Tengah,69.09,12.53,8.07,11194,69.99
2025,7209,Tojo Una Una,Sulawesi Tengah,71.3,12.62,8.58,9200,69.76
2025,7210,Sigi,Sulawesi Tengah,71.63,13.3,9.05,9659,71.68
2025,7211,Banggai Laut,Sulawesi Tengah,71.45,13.17,8.66,9184,70.46
2025,7212,Morowali Utara,Sulawesi Tengah,72.61,12.6,9.14,10258,72.16
2025,7271,Kota Palu,Sulawesi Tengah,74.25,16.53,11.76,16269,84.53
2025,7301,Kepulauan Selayar,Sulawesi Selatan,73.79,12.96,8.64,10589,72.78
2025,7302,Bulukumba,Sulawesi Selatan,74.43,13.46,8.66,12456,75.26
2025,7303,Bantaeng,Sulawesi Selatan,73.11,12.92,7.43,13310,73.12
2025,7304,Jeneponto,Sulawesi Selatan,74.28,12.28,7.02,10691,70.25
2025,7305,Takalar,Sulawesi Selatan,74.08,12.62,7.84,12014,72.79
2025,7306,Gowa,Sulawesi Selatan,74.43,13.72,8.54,11103,74.22
2025,7307,Sinjai,Sulawesi Selatan,73.36,13.46,7.97,11111,72.76
2025,7308,Bone,Sulawesi Selatan,73.84,13.03,7.7,10538,71.63
2025,7309,Maros,Sulawesi Selatan,74.1,13.52,8.2,12709,74.79
2025,7310,Pangkajene dan Kepulauan,Sulawesi Selatan,73.48,12.94,8.48,13209,74.62
2025,7311,Barru,Sulawesi Selatan,73.18,13.76,8.93,12559,75.41
2025,7312,Soppeng,Sulawesi Selatan,74.21,13.4,8.59,10929,73.69
2025,7313,Wajo,Sulawesi Selatan,73.77,13.34,7.72,13957,74.72
2025,7314,Sidenreng Rappang,Sulawesi Selatan,74.69,13.11,8.36,13604,75.49
2025,7315,Pinrang,Sulawesi Selatan,74.87,13.29,8.54,13419,75.87
2025,7316,Enrekang,Sulawesi Selatan,74.3,13.9,9.26,12571,76.5
2025,7317,Luwu,Sulawesi Selatan,73.85,13.44,8.96,11634,74.66
2025,7318,Tana Toraja,Sulawesi Selatan,75.17,14.25,8.92,8595,72.77
2025,7322,Luwu Utara,Sulawesi Selatan,74.25,12.63,8.51,13390,74.81
2025,7324,Luwu Timur,Sulawesi Selatan,74.86,13.38,9.04,14381,77.28
2025,7326,Toraja Utara,Sulawesi Selatan,75.24,13.53,8.72,9753,73.24
2025,7371,Kota Makassar,Sulawesi Selatan,75.6,15.63,11.59,18878,85.66
2025,7372,Kota Parepare,Sulawesi Selatan,74.9,14.62,10.89,15408,81.5
2025,7373,Kota Palopo,Sulawesi Selatan,74.47,15.14,11.17,14837,81.74
2025,7401,Kolaka,Sulawesi Tenggara,73.86,13.17,9.55,13941,76.92
2025,7402,Konawe,Sulawesi Tenggara,73.04,13.11,9.8,11763,75.09
2025,7403,Muna,Sulawesi Tenggara,71.77,14.18,8.86,9526,72.23
2025,7404,Buton,Sulawesi Tenggara,70.66,13.97,8.69,8607,70.22
2025,7405,Konawe Selatan,Sulawesi Tenggara,71.95,12.95,8.97,10574,72.32
2025,7406,Bombana,Sulawesi Tenggara,71.31,11.98,8.27,9957,69.54
2025,7407,Wakatobi,Sulawesi Tenggara,71.1,13.55,8.54,11199,72.59
2025,7408,Kolaka Utara,Sulawesi Tenggara,70.77,12.25,9.06,11941,72.37
2025,7409,Konawe Utara,Sulawesi Tenggara,70.73,13.15,9.79,11104,73.42
2025,7410,Buton Utara,Sulawesi Tenggara,71.47,13.33,9.28,9119,71.29
2025,7411,Kolaka Timur,Sulawesi Tenggara,73.47,12.73,8.65,9420,71.19
2025,7412,Konawe Kepulauan,Sulawesi Tenggara,70.38,12.57,9.61,8286,69.39
2025,7413,Muna Barat,Sulawesi Tenggara,71.32,12.75,8.31,8858,69.18
2025,7414,Buton Tengah,Sulawesi Tenggara,70.65,13.44,7.37,8825,68.39
2025,7415,Buton Selatan,Sulawesi Tenggara,70.36,13.37,7.8,8684,68.54
2025,7471,Kota Kendari,Sulawesi Tenggara,75.72,16.94,12.56,16002,86.36
2025,7472,Kota Bau Bau,Sulawesi Tenggara,74.93,15.54,11.11,12260,80.29
2025,7501,Gorontalo,Gorontalo,71.26,13.23,7.96,11110,71.54
2025,7502,Boalemo,Gorontalo,71.7,12.6,7.32,10720,69.89
2025,7503,Bone Bolango,Gorontalo,70.73,13.7,8.62,11935,73.3
2025,7504,Pohuwato,Gorontalo,70.0,12.49,7.79,11872,70.59
2025,7505,Gorontalo Utara,Gorontalo,70.25,12.71,7.56,10678,69.62
2025,7571,Kota Gorontalo,Gorontalo,74.03,14.63,10.59,14285,79.97
2025,7601,Pasangkayu,Sulawesi Barat,70.86,12.1,8.14,12644,71.62
2025,7602,Mamuju,Sulawesi Barat,72.61,13.3,8.71,10682,72.77
2025,7603,Mamasa,Sulawesi Barat,72.43,12.61,8.41,8779,69.56
2025,7604,Polewali Mandar,Sulawesi Barat,71.46,13.51,7.84,9999,70.71
2025,7605,Majene,Sulawesi Barat,70.74,13.84,9.68,11299,74.15
2025,7606,Mamuju Tengah,Sulawesi Barat,70.44,12.69,8.1,9484,69.17
2025,8101,Maluku Tengah,Maluku,71.28,14.68,10.06,11532,75.87
2025,8102,Maluku Tenggara,Maluku,71.24,13.11,9.85,8738,71.16
2025,8103,Kepulauan Tanimbar,Maluku,70.53,12.58,9.93,7342,68.47
2025,8104,Buru,Maluku,70.56,13.25,9.28,11562,73.24
2025,8105,Seram Bagian Timur,Maluku,69.19,13.07,9.25,10204,71.1
2025,8106,Seram Bagian Barat,Maluku,71.58,13.71,9.6,9854,72.91
2025,8107,Kepulauan Aru,Maluku,70.6,12.51,9.46,8650,69.73
2025,8108,Maluku Barat Daya,Maluku,70.11,12.94,9.39,7776,68.66
2025,8109,Buru Selatan,Maluku,70.54,13.01,8.74,8664,69.36
2025,8171,Kota Ambon,Maluku,73.56,16.09,12.37,15549,83.97
2025,8172,Kota Tual,Maluku,72.05,14.03,10.68,8401,72.88
2025,8201,Halmahera Barat,Maluku Utara,71.11,13.26,8.6,8705,69.75
2025,8202,Halmahera Tengah,Maluku Utara,70.9,13.69,9.21,9361,71.57
2025,8203,Halmahera Utara,Maluku Utara,72.3,13.81,8.84,8815,71.25
2025,8204,Halmahera Selatan,Maluku Utara,70.98,13.05,8.43,8515,69.05
2025,8205,Kepulauan Sula,Maluku Utara,69.19,13.16,9.2,8251,68.89
2025,8206,Halmahera Timur,Maluku Utara,72.04,13.01,9.07,9227,71.11
2025,8207,Pulau Morotai,Maluku Utara,71.63,13.19,7.91,7775,67.86
2025,8208,Pulau Taliabu,Maluku Utara,67.52,12.89,8.15,7503,65.61
2025,8271,Kota Ternate,Maluku Utara,73.36,15.93,12.09,14945,83.01
2025,8272,Kota Tidore Kepulauan,Maluku Utara,73.0,14.5,10.18,9539,74.63
2025,9103,Jayapura,Papua,70.82,14.81,10.77,11088,76.14
2025,9105,Kepulauan Yapen,Papua,71.05,13.0,9.8,8752,70.93
2025,9106,Biak Numfor,Papua,71.21,14.25,10.69,10823,75.48
2025,9110,Sarmi,Papua,70.25,12.61,9.79,7713,68.78
2025,9111,Keerom,Papua,70.29,12.53,8.78,10109,70.43
2025,9115,Waropen,Papua,69.94,12.96,9.43,7960,68.91
2025,9119,Supiori,Papua,70.0,13.21,9.39,6786,67.3
2025,9120,Mamberamo Raya,Papua,69.21,12.05,6.74,5568,60.48
2025,9171,Kota Jayapura,Papua,72.34,15.28,12.08,15522,82.26
2025,9202,Manokwari,Papua Barat,72.9,13.87,8.89,13364,75.96
2025,9203,Fak Fak,Papua Barat,71.78,14.8,9.35,8401,72.0
2025,9206,Teluk Bintuni,Papua Barat,68.49,12.63,8.77,10799,70.32
2025,9207,Teluk Wondama,Papua Barat,65.74,11.97,7.56,9192,65.26
2025,9208,Kaimana,Papua Barat,69.54,12.52,9.02,9481,69.7
2025,9211,Manokwari Selatan,Papua Barat,68.53,12.84,7.33,6373,63.24
2025,9212,Pegunungan Arfak,Papua Barat,67.92,11.81,5.84,6043,59.53
2025,9301,Merauke,Papua Selatan,71.65,14.49,9.61,11260,75.11
2025,9302,Boven Digoel,Papua Selatan,69.63,11.69,9.43,8796,68.62
2025,9303,Mappi,Papua Selatan,66.49,11.42,7.41,7364,62.6
2025,9304,Asmat,Papua Selatan,68.31,9.75,6.1,6495,58.55
2025,9401,Nabire,Papua Tengah,70.5,12.97,10.43,10093,72.89
2025,9402,Puncak Jaya,Papua Tengah,68.16,7.66,4.59,6194,53.18
2025,9403,Paniai,Papua Tengah,69.84,10.55,4.82,7719,60.04
2025,9404,Mimika,Papua Tengah,73.45,13.17,10.73,12745,77.27
2025,9405,Puncak,Papua Tengah,66.94,5.61,2.4,6496,45.95
2025,9406,Dogiyai,Papua Tengah,66.75,10.64,4.99,6856,57.96
2025,9407,Intan Jaya,Papua Tengah,66.85,7.84,3.38,6622,51.56
2025,9408,Deiyai,Papua Tengah,66.84,9.87,3.3,5743,52.81
2025,9501,Jayawijaya,Papua Pegunungan,70.37,12.86,6.15,8750,66.02
2025,9502,Pegunungan Bintang,Papua Pegunungan,66.5,7.3,3.59,6300,50.56
2025,9503,Yahukimo,Papua Pegunungan,66.68,8.06,4.36,5997,52.48
2025,9504,Tolikara,Papua Pegunungan,67.52,9.04,3.7,5802,52.71
2025,9505,Mamberamo Tengah,Papua Pegunungan,69.09,9.79,3.99,5119,53.36
2025,9506,Yalimo,Papua Pegunungan,66.53,9.85,3.83,5305,52.63
2025,9507,Lanny Jaya,Papua Pegunungan,67.43,9.73,3.87,5102,52.47
2025,9508,Nduga,Papua Pegunungan,63.94,4.73,2.19,4773,40.35
2025,9601,Sorong,Papua Barat Daya,70.38,14.1,9.02,8617,70.6
2025,9602,Sorong Selatan,Papua Barat Daya,67.4,13.32,8.06,7227,65.45
2025,9603,Raja Ampat,Papua Barat Daya,67.32,12.2,8.55,9109,67.36
2025,9604,Tambrauw,Papua Barat Daya,66.17,12.47,6.01,5827,59.28
2025,9605,Maybrat,Papua Barat Daya,66.21,13.52,7.66,6074,62.68
2025,9671,Kota Sorong,Papua Barat Daya,73.66,14.44,11.59,14664,81.03
